-- --------------------------------------------------------
-- Host:                         127.0.0.1
-- Server version:               8.0.30 - MySQL Community Server - GPL
-- Server OS:                    Win64
-- HeidiSQL Version:             12.8.0.6908
-- --------------------------------------------------------

/*!40101 SET @OLD_CHARACTER_SET_CLIENT=@@CHARACTER_SET_CLIENT */;
/*!40101 SET NAMES utf8 */;
/*!50503 SET NAMES utf8mb4 */;
/*!40103 SET @OLD_TIME_ZONE=@@TIME_ZONE */;
/*!40103 SET TIME_ZONE='+00:00' */;
/*!40014 SET @OLD_FOREIGN_KEY_CHECKS=@@FOREIGN_KEY_CHECKS, FOREIGN_KEY_CHECKS=0 */;
/*!40101 SET @OLD_SQL_MODE=@@SQL_MODE, SQL_MODE='NO_AUTO_VALUE_ON_ZERO' */;
/*!40111 SET @OLD_SQL_NOTES=@@SQL_NOTES, SQL_NOTES=0 */;

-- Dumping data for table db_ems.detail_evaluasi_lapangan: ~440 rows (approximately)
INSERT INTO `detail_evaluasi_lapangan` (`id`, `created_at`, `pertanyaan_id`, `team_id`, `user_id`, `event_id`, `score`) VALUES
	(1887, '2024-10-15 15:52:16.463585', 1, 19, 21, 19, '1'),
	(1888, '2024-10-15 15:52:16.463585', 2, 19, 21, 19, '0.30'),
	(1889, '2024-10-15 15:52:16.463585', 3, 19, 21, 19, '0.30'),
	(1890, '2024-10-15 15:52:16.463585', 4, 19, 21, 19, '0.75'),
	(1891, '2024-10-15 15:52:16.463585', 5, 19, 21, 19, '0.75'),
	(1892, '2024-10-15 15:52:16.463585', 6, 19, 21, 19, '0.50'),
	(1893, '2024-10-15 15:52:16.463585', 7, 19, 21, 19, '0.30'),
	(1894, '2024-10-15 15:52:16.463585', 8, 19, 21, 19, '0.56'),
	(1895, '2024-10-15 15:52:16.463585', 9, 19, 21, 19, '0.30'),
	(1896, '2024-10-15 15:52:16.463585', 10, 19, 21, 19, '0.75'),
	(1897, '2024-10-15 15:52:16.463585', 11, 19, 21, 19, '0.75'),
	(1898, '2024-10-15 15:52:16.463585', 12, 19, 21, 19, '2'),
	(1899, '2024-10-15 15:52:16.463585', 13, 19, 21, 19, '2'),
	(1900, '2024-10-15 15:52:16.463585', 14, 19, 21, 19, '1'),
	(1901, '2024-10-15 15:52:16.463585', 15, 19, 21, 19, '0.75'),
	(1902, '2024-10-15 15:52:16.463585', 16, 19, 21, 19, '0.50'),
	(1903, '2024-10-15 15:52:16.463585', 17, 19, 21, 19, '0.30'),
	(1904, '2024-10-15 15:52:16.463585', 18, 19, 21, 19, '0.75'),
	(1905, '2024-10-15 15:52:16.463585', 19, 19, 21, 19, '1'),
	(1906, '2024-10-15 15:52:16.463585', 20, 19, 21, 19, '0.30'),
	(1907, '2024-10-15 15:52:16.463585', 21, 19, 21, 19, '0.30'),
	(1908, '2024-10-15 15:52:16.463585', 22, 19, 21, 19, '1'),
	(1909, '2024-10-15 15:52:16.463585', 23, 19, 21, 19, '2'),
	(1910, '2024-10-15 15:52:16.463585', 24, 19, 21, 19, '2'),
	(1911, '2024-10-15 15:52:16.463585', 25, 19, 21, 19, '10'),
	(1912, '2024-10-15 15:52:16.463585', 26, 19, 21, 19, '5'),
	(1913, '2024-10-15 15:52:16.463585', 27, 19, 21, 19, '5'),
	(1914, '2024-10-15 15:52:16.463585', 28, 19, 21, 19, '5'),
	(1915, '2024-10-15 15:52:16.463585', 29, 19, 21, 19, '5'),
	(1916, '2024-10-15 15:52:16.463585', 30, 19, 21, 19, '1'),
	(1917, '2024-10-15 15:52:16.463585', 31, 19, 21, 19, '1.67'),
	(1918, '2024-10-15 15:52:16.463585', 32, 19, 21, 19, '1'),
	(1919, '2024-10-15 15:52:16.463585', 33, 19, 21, 19, '3'),
	(1920, '2024-10-15 15:52:16.463585', 34, 19, 21, 19, '1'),
	(1921, '2024-10-15 15:52:16.463585', 35, 19, 21, 19, '0.50'),
	(1922, '2024-10-15 15:52:16.463585', 36, 19, 21, 19, '0.75'),
	(1923, '2024-10-15 15:52:16.463585', 37, 19, 21, 19, '0.50'),
	(1924, '2024-10-15 15:52:16.463585', 38, 19, 21, 19, '1'),
	(1925, '2024-10-15 15:52:16.463585', 39, 19, 21, 19, '1.5'),
	(1926, '2024-10-15 15:52:16.463585', 40, 19, 21, 19, '0.75'),
	(1927, '2024-10-15 15:52:16.463585', 41, 19, 21, 19, '0.5'),
	(1928, '2024-10-15 15:54:40.877286', 1, 23, 21, 19, '1'),
	(1929, '2024-10-15 15:54:40.877286', 2, 23, 21, 19, '1'),
	(1930, '2024-10-15 15:54:40.877286', 3, 23, 21, 19, '1'),
	(1931, '2024-10-15 15:54:40.877286', 4, 23, 21, 19, '0.50'),
	(1932, '2024-10-15 15:54:40.877286', 5, 23, 21, 19, '1'),
	(1933, '2024-10-15 15:54:40.877286', 6, 23, 21, 19, '0.30'),
	(1934, '2024-10-15 15:54:40.877286', 7, 23, 21, 19, '1'),
	(1935, '2024-10-15 15:54:40.877286', 8, 23, 21, 19, '0.56'),
	(1936, '2024-10-15 15:54:40.877286', 9, 23, 21, 19, '0.30'),
	(1937, '2024-10-15 15:54:40.877286', 10, 23, 21, 19, '0.75'),
	(1938, '2024-10-15 15:54:40.877286', 11, 23, 21, 19, '0.75'),
	(1939, '2024-10-15 15:54:40.877286', 12, 23, 21, 19, '0.60'),
	(1940, '2024-10-15 15:54:40.877286', 13, 23, 21, 19, '1'),
	(1941, '2024-10-15 15:54:40.877286', 14, 23, 21, 19, '1.50'),
	(1942, '2024-10-15 15:54:40.877286', 15, 23, 21, 19, '0.50'),
	(1943, '2024-10-15 15:54:40.877286', 16, 23, 21, 19, '1'),
	(1944, '2024-10-15 15:54:40.877286', 17, 23, 21, 19, '0.30'),
	(1945, '2024-10-15 15:54:40.877286', 18, 23, 21, 19, '0.30'),
	(1946, '2024-10-15 15:54:40.877286', 19, 23, 21, 19, '0.50'),
	(1947, '2024-10-15 15:54:40.877286', 20, 23, 21, 19, '1'),
	(1948, '2024-10-15 15:54:40.877286', 21, 23, 21, 19, '0.75'),
	(1949, '2024-10-15 15:54:40.877286', 22, 23, 21, 19, '1'),
	(1950, '2024-10-15 15:54:40.877286', 23, 23, 21, 19, '1.5'),
	(1951, '2024-10-15 15:54:40.877286', 24, 23, 21, 19, '0.60'),
	(1952, '2024-10-15 15:54:40.877286', 25, 23, 21, 19, '7.5'),
	(1953, '2024-10-15 15:54:40.877286', 26, 23, 21, 19, '7.5'),
	(1954, '2024-10-15 15:54:40.877286', 27, 23, 21, 19, '10'),
	(1955, '2024-10-15 15:54:40.877286', 28, 23, 21, 19, '2.5'),
	(1956, '2024-10-15 15:54:40.877286', 29, 23, 21, 19, '3.75'),
	(1957, '2024-10-15 15:54:40.877286', 30, 23, 21, 19, '1.67'),
	(1958, '2024-10-15 15:54:40.877286', 31, 23, 21, 19, '1'),
	(1959, '2024-10-15 15:54:40.877286', 32, 23, 21, 19, '3.33'),
	(1960, '2024-10-15 15:54:40.877286', 33, 23, 21, 19, '7.5'),
	(1961, '2024-10-15 15:54:40.877286', 34, 23, 21, 19, '0.30'),
	(1962, '2024-10-15 15:54:40.877286', 35, 23, 21, 19, '0.30'),
	(1963, '2024-10-15 15:54:40.877286', 36, 23, 21, 19, '1'),
	(1964, '2024-10-15 15:54:40.877286', 37, 23, 21, 19, '0.75'),
	(1965, '2024-10-15 15:54:40.877286', 38, 23, 21, 19, '1'),
	(1966, '2024-10-15 15:54:40.877286', 39, 23, 21, 19, '0.50'),
	(1967, '2024-10-15 15:54:40.877286', 40, 23, 21, 19, '1.5'),
	(1968, '2024-10-15 15:54:40.877286', 41, 23, 21, 19, '2'),
	(1969, '2024-10-15 15:55:04.611525', 1, 18, 21, 19, '0.30'),
	(1970, '2024-10-15 15:55:04.611525', 2, 18, 21, 19, '0.50'),
	(1971, '2024-10-15 15:55:04.611525', 3, 18, 21, 19, '1'),
	(1972, '2024-10-15 15:55:04.611525', 4, 18, 21, 19, '1'),
	(1973, '2024-10-15 15:55:04.611525', 5, 18, 21, 19, '0.75'),
	(1974, '2024-10-15 15:55:04.611525', 6, 18, 21, 19, '1'),
	(1975, '2024-10-15 15:55:04.611525', 7, 18, 21, 19, '1'),
	(1976, '2024-10-15 15:55:04.611525', 8, 18, 21, 19, '0.38'),
	(1977, '2024-10-15 15:55:04.611525', 9, 18, 21, 19, '0.50'),
	(1978, '2024-10-15 15:55:04.611525', 10, 18, 21, 19, '0.30'),
	(1979, '2024-10-15 15:55:04.611525', 11, 18, 21, 19, '1'),
	(1980, '2024-10-15 15:55:04.611525', 12, 18, 21, 19, '0.60'),
	(1981, '2024-10-15 15:55:04.611525', 13, 18, 21, 19, '1'),
	(1982, '2024-10-15 15:55:04.611525', 14, 18, 21, 19, '2'),
	(1983, '2024-10-15 15:55:04.611525', 15, 18, 21, 19, '0.50'),
	(1984, '2024-10-15 15:55:04.611525', 16, 18, 21, 19, '0.30'),
	(1985, '2024-10-15 15:55:04.611525', 17, 18, 21, 19, '0.75'),
	(1986, '2024-10-15 15:55:04.611525', 18, 18, 21, 19, '0.30'),
	(1987, '2024-10-15 15:55:04.611525', 19, 18, 21, 19, '1'),
	(1988, '2024-10-15 15:55:04.611525', 20, 18, 21, 19, '0.50'),
	(1989, '2024-10-15 15:55:04.611525', 21, 18, 21, 19, '0.50'),
	(1990, '2024-10-15 15:55:04.611525', 22, 18, 21, 19, '0.50'),
	(1991, '2024-10-15 15:55:04.611525', 23, 18, 21, 19, '1.5'),
	(1992, '2024-10-15 15:55:04.611525', 24, 18, 21, 19, '1.50'),
	(1993, '2024-10-15 15:55:04.611525', 25, 18, 21, 19, '7.5'),
	(1994, '2024-10-15 15:55:04.611525', 26, 18, 21, 19, '10'),
	(1995, '2024-10-15 15:55:04.611525', 27, 18, 21, 19, '3'),
	(1996, '2024-10-15 15:55:04.611525', 28, 18, 21, 19, '5'),
	(1997, '2024-10-15 15:55:04.611525', 29, 18, 21, 19, '3.75'),
	(1998, '2024-10-15 15:55:04.611525', 30, 18, 21, 19, '1'),
	(1999, '2024-10-15 15:55:04.611525', 31, 18, 21, 19, '3.33'),
	(2000, '2024-10-15 15:55:04.611525', 32, 18, 21, 19, '1.67'),
	(2001, '2024-10-15 15:55:04.611525', 33, 18, 21, 19, '7.5'),
	(2002, '2024-10-15 15:55:04.611525', 34, 18, 21, 19, '1'),
	(2003, '2024-10-15 15:55:04.611525', 35, 18, 21, 19, '1'),
	(2004, '2024-10-15 15:55:04.611525', 36, 18, 21, 19, '1'),
	(2005, '2024-10-15 15:55:04.611525', 37, 18, 21, 19, '1'),
	(2006, '2024-10-15 15:55:04.611525', 38, 18, 21, 19, '0.50'),
	(2007, '2024-10-15 15:55:04.611525', 39, 18, 21, 19, '0.50'),
	(2008, '2024-10-15 15:55:04.611525', 40, 18, 21, 19, '1.13'),
	(2009, '2024-10-15 15:55:04.611525', 41, 18, 21, 19, '0.5'),
	(2010, '2024-10-15 15:55:24.333037', 1, 17, 21, 19, '0.50'),
	(2011, '2024-10-15 15:55:24.333037', 2, 17, 21, 19, '0.50'),
	(2012, '2024-10-15 15:55:24.333037', 3, 17, 21, 19, '1'),
	(2013, '2024-10-15 15:55:24.333037', 4, 17, 21, 19, '0.75'),
	(2014, '2024-10-15 15:55:24.333037', 5, 17, 21, 19, '0.50'),
	(2015, '2024-10-15 15:55:24.333037', 6, 17, 21, 19, '0.30'),
	(2016, '2024-10-15 15:55:24.333037', 7, 17, 21, 19, '1'),
	(2017, '2024-10-15 15:55:24.333037', 8, 17, 21, 19, '0.38'),
	(2018, '2024-10-15 15:55:24.333037', 9, 17, 21, 19, '0.75'),
	(2019, '2024-10-15 15:55:24.333037', 10, 17, 21, 19, '1'),
	(2020, '2024-10-15 15:55:24.333037', 11, 17, 21, 19, '0.75'),
	(2021, '2024-10-15 15:55:24.333037', 12, 17, 21, 19, '2'),
	(2022, '2024-10-15 15:55:24.333037', 13, 17, 21, 19, '2'),
	(2023, '2024-10-15 15:55:24.333037', 14, 17, 21, 19, '0.60'),
	(2024, '2024-10-15 15:55:24.333037', 15, 17, 21, 19, '1'),
	(2025, '2024-10-15 15:55:24.333037', 16, 17, 21, 19, '1'),
	(2026, '2024-10-15 15:55:24.333037', 17, 17, 21, 19, '0.30'),
	(2027, '2024-10-15 15:55:24.333037', 18, 17, 21, 19, '1'),
	(2028, '2024-10-15 15:55:24.333037', 19, 17, 21, 19, '2'),
	(2029, '2024-10-15 15:55:24.333037', 20, 17, 21, 19, '0.30'),
	(2030, '2024-10-15 15:55:24.333037', 21, 17, 21, 19, '0.50'),
	(2031, '2024-10-15 15:55:24.333037', 22, 17, 21, 19, '0.50'),
	(2032, '2024-10-15 15:55:24.333037', 23, 17, 21, 19, '0.60'),
	(2033, '2024-10-15 15:55:24.333037', 24, 17, 21, 19, '1.50'),
	(2034, '2024-10-15 15:55:24.333037', 25, 17, 21, 19, '5'),
	(2035, '2024-10-15 15:55:24.333037', 26, 17, 21, 19, '5'),
	(2036, '2024-10-15 15:55:24.333037', 27, 17, 21, 19, '10'),
	(2037, '2024-10-15 15:55:24.333037', 28, 17, 21, 19, '3.75'),
	(2038, '2024-10-15 15:55:24.333037', 29, 17, 21, 19, '3.75'),
	(2039, '2024-10-15 15:55:24.333037', 30, 17, 21, 19, '1.67'),
	(2040, '2024-10-15 15:55:24.333037', 31, 17, 21, 19, '3.33'),
	(2041, '2024-10-15 15:55:24.333037', 32, 17, 21, 19, '1'),
	(2042, '2024-10-15 15:55:24.333037', 33, 17, 21, 19, '5'),
	(2043, '2024-10-15 15:55:24.333037', 34, 17, 21, 19, '1'),
	(2044, '2024-10-15 15:55:24.333037', 35, 17, 21, 19, '0.30'),
	(2045, '2024-10-15 15:55:24.333037', 36, 17, 21, 19, '0.75'),
	(2046, '2024-10-15 15:55:24.333037', 37, 17, 21, 19, '0.50'),
	(2047, '2024-10-15 15:55:24.333037', 38, 17, 21, 19, '0.75'),
	(2048, '2024-10-15 15:55:24.333037', 39, 17, 21, 19, '1.13'),
	(2049, '2024-10-15 15:55:24.333037', 40, 17, 21, 19, '0.75'),
	(2050, '2024-10-15 15:55:24.333037', 41, 17, 21, 19, '1'),
	(2051, '2024-10-15 15:58:04.897891', 50, 25, 21, 20, '4'),
	(2052, '2024-10-15 15:58:04.897891', 51, 25, 21, 20, '5'),
	(2053, '2024-10-15 15:58:04.897891', 52, 25, 21, 20, '4'),
	(2054, '2024-10-15 15:58:04.897891', 53, 25, 21, 20, '3'),
	(2055, '2024-10-15 15:58:04.897891', 54, 25, 21, 20, '3'),
	(2056, '2024-10-15 15:58:04.897891', 55, 25, 21, 20, '1'),
	(2057, '2024-10-15 15:58:04.897891', 56, 25, 21, 20, '2'),
	(2058, '2024-10-15 15:58:04.897891', 57, 25, 21, 20, '2'),
	(2059, '2024-10-15 15:58:04.897891', 58, 25, 21, 20, '6'),
	(2060, '2024-10-15 15:58:04.897891', 59, 25, 21, 20, '2'),
	(2061, '2024-10-15 15:58:04.897891', 60, 25, 21, 20, '4'),
	(2062, '2024-10-15 15:58:04.897891', 61, 25, 21, 20, '10'),
	(2063, '2024-10-15 15:58:04.897891', 62, 25, 21, 20, '10'),
	(2064, '2024-10-15 15:58:04.897891', 63, 25, 21, 20, '5'),
	(2065, '2024-10-15 16:02:41.134461', 50, 24, 21, 20, '5'),
	(2066, '2024-10-15 16:02:41.134461', 51, 24, 21, 20, '4'),
	(2067, '2024-10-15 16:02:41.134461', 52, 24, 21, 20, '2'),
	(2068, '2024-10-15 16:02:41.134461', 53, 24, 21, 20, '3'),
	(2069, '2024-10-15 16:02:41.134461', 54, 24, 21, 20, '5'),
	(2070, '2024-10-15 16:02:41.134461', 55, 24, 21, 20, '1'),
	(2071, '2024-10-15 16:02:41.134461', 56, 24, 21, 20, '3'),
	(2072, '2024-10-15 16:02:41.134461', 57, 24, 21, 20, '6'),
	(2073, '2024-10-15 16:02:41.134461', 58, 24, 21, 20, '8'),
	(2074, '2024-10-15 16:02:41.134461', 59, 24, 21, 20, '8'),
	(2075, '2024-10-15 16:02:41.134461', 60, 24, 21, 20, '4'),
	(2076, '2024-10-15 16:02:41.134461', 61, 24, 21, 20, '2'),
	(2077, '2024-10-15 16:02:41.134461', 62, 24, 21, 20, '10'),
	(2078, '2024-10-15 16:02:41.134461', 63, 24, 21, 20, '5'),
	(2079, '2024-10-15 16:16:10.545107', 50, 22, 21, 20, '3'),
	(2080, '2024-10-15 16:16:10.545107', 51, 22, 21, 20, '5'),
	(2081, '2024-10-15 16:16:10.545107', 52, 22, 21, 20, '3'),
	(2082, '2024-10-15 16:16:10.545107', 53, 22, 21, 20, '4'),
	(2083, '2024-10-15 16:16:10.545107', 54, 22, 21, 20, '5'),
	(2084, '2024-10-15 16:16:10.545107', 55, 22, 21, 20, '1'),
	(2085, '2024-10-15 16:16:10.545107', 56, 22, 21, 20, '5'),
	(2086, '2024-10-15 16:16:10.545107', 57, 22, 21, 20, '6'),
	(2087, '2024-10-15 16:16:10.545107', 58, 22, 21, 20, '8'),
	(2088, '2024-10-15 16:16:10.545107', 59, 22, 21, 20, '10'),
	(2089, '2024-10-15 16:16:10.545107', 60, 22, 21, 20, '10'),
	(2090, '2024-10-15 16:16:10.545107', 61, 22, 21, 20, '2'),
	(2091, '2024-10-15 16:16:10.545107', 62, 22, 21, 20, '2'),
	(2092, '2024-10-15 16:16:10.545107', 63, 22, 21, 20, '3'),
	(2093, '2024-10-15 16:16:32.177898', 50, 21, 21, 20, '2'),
	(2094, '2024-10-15 16:16:32.177898', 51, 21, 21, 20, '4'),
	(2095, '2024-10-15 16:16:32.177898', 52, 21, 21, 20, '2'),
	(2096, '2024-10-15 16:16:32.177898', 53, 21, 21, 20, '1'),
	(2097, '2024-10-15 16:16:32.177898', 54, 21, 21, 20, '1'),
	(2098, '2024-10-15 16:16:32.177898', 55, 21, 21, 20, '1'),
	(2099, '2024-10-15 16:16:32.177898', 56, 21, 21, 20, '2'),
	(2100, '2024-10-15 16:16:32.177898', 57, 21, 21, 20, '2'),
	(2101, '2024-10-15 16:16:32.177898', 58, 21, 21, 20, '10'),
	(2102, '2024-10-15 16:16:32.177898', 59, 21, 21, 20, '4'),
	(2103, '2024-10-15 16:16:32.177898', 60, 21, 21, 20, '4'),
	(2104, '2024-10-15 16:16:32.177898', 61, 21, 21, 20, '2'),
	(2105, '2024-10-15 16:16:32.177898', 62, 21, 21, 20, '6'),
	(2106, '2024-10-15 16:16:32.177898', 63, 21, 21, 20, '2'),
	(2107, '2024-10-15 16:26:37.273116', 1, 19, 22, 19, '0.75'),
	(2108, '2024-10-15 16:26:37.273116', 2, 19, 22, 19, '0.30'),
	(2109, '2024-10-15 16:26:37.273116', 3, 19, 22, 19, '0.50'),
	(2110, '2024-10-15 16:26:37.273116', 4, 19, 22, 19, '1'),
	(2111, '2024-10-15 16:26:37.273116', 5, 19, 22, 19, '0.30'),
	(2112, '2024-10-15 16:26:37.273116', 6, 19, 22, 19, '1'),
	(2113, '2024-10-15 16:26:37.273116', 7, 19, 22, 19, '0.75'),
	(2114, '2024-10-15 16:26:37.273116', 8, 19, 22, 19, '0.38'),
	(2115, '2024-10-15 16:26:37.273116', 9, 19, 22, 19, '0.50'),
	(2116, '2024-10-15 16:26:37.273116', 10, 19, 22, 19, '1'),
	(2117, '2024-10-15 16:26:37.273116', 11, 19, 22, 19, '0.75'),
	(2118, '2024-10-15 16:26:37.273116', 12, 19, 22, 19, '1.50'),
	(2119, '2024-10-15 16:26:37.273116', 13, 19, 22, 19, '1'),
	(2120, '2024-10-15 16:26:37.273116', 14, 19, 22, 19, '2'),
	(2121, '2024-10-15 16:26:37.273116', 15, 19, 22, 19, '0.30'),
	(2122, '2024-10-15 16:26:37.273116', 16, 19, 22, 19, '0.75'),
	(2123, '2024-10-15 16:26:37.273116', 17, 19, 22, 19, '0.30'),
	(2124, '2024-10-15 16:26:37.273116', 18, 19, 22, 19, '1'),
	(2125, '2024-10-15 16:26:37.273116', 19, 19, 22, 19, '1.5'),
	(2126, '2024-10-15 16:26:37.273116', 20, 19, 22, 19, '0.50'),
	(2127, '2024-10-15 16:26:37.273116', 21, 19, 22, 19, '0.75'),
	(2128, '2024-10-15 16:26:37.273116', 22, 19, 22, 19, '1'),
	(2129, '2024-10-15 16:26:37.273116', 23, 19, 22, 19, '0.60'),
	(2130, '2024-10-15 16:26:37.273116', 24, 19, 22, 19, '1'),
	(2131, '2024-10-15 16:26:37.273116', 25, 19, 22, 19, '3'),
	(2132, '2024-10-15 16:26:37.273116', 26, 19, 22, 19, '3'),
	(2133, '2024-10-15 16:26:37.273116', 27, 19, 22, 19, '7.5'),
	(2134, '2024-10-15 16:26:37.273116', 28, 19, 22, 19, '5'),
	(2135, '2024-10-15 16:26:37.273116', 29, 19, 22, 19, '3.75'),
	(2136, '2024-10-15 16:26:37.273116', 30, 19, 22, 19, '2.5'),
	(2137, '2024-10-15 16:26:37.273116', 31, 19, 22, 19, '1.67'),
	(2138, '2024-10-15 16:26:37.273116', 32, 19, 22, 19, '1'),
	(2139, '2024-10-15 16:26:37.273116', 33, 19, 22, 19, '10'),
	(2140, '2024-10-15 16:26:37.273116', 34, 19, 22, 19, '0.75'),
	(2141, '2024-10-15 16:26:37.273116', 35, 19, 22, 19, '0.50'),
	(2142, '2024-10-15 16:26:37.273116', 36, 19, 22, 19, '0.30'),
	(2143, '2024-10-15 16:26:37.273116', 37, 19, 22, 19, '0.50'),
	(2144, '2024-10-15 16:26:37.273116', 38, 19, 22, 19, '0.75'),
	(2145, '2024-10-15 16:26:37.273116', 39, 19, 22, 19, '0.50'),
	(2146, '2024-10-15 16:26:37.273116', 40, 19, 22, 19, '0.75'),
	(2147, '2024-10-15 16:26:37.273116', 41, 19, 22, 19, '0.5'),
	(2148, '2024-10-15 16:26:58.169326', 1, 23, 22, 19, '1'),
	(2149, '2024-10-15 16:26:58.169326', 2, 23, 22, 19, '0.50'),
	(2150, '2024-10-15 16:26:58.169326', 3, 23, 22, 19, '0.50'),
	(2151, '2024-10-15 16:26:58.169326', 4, 23, 22, 19, '1'),
	(2152, '2024-10-15 16:26:58.169326', 5, 23, 22, 19, '0.30'),
	(2153, '2024-10-15 16:26:58.169326', 6, 23, 22, 19, '0.50'),
	(2154, '2024-10-15 16:26:58.169326', 7, 23, 22, 19, '0.30'),
	(2155, '2024-10-15 16:26:58.169326', 8, 23, 22, 19, '0.23'),
	(2156, '2024-10-15 16:26:58.169326', 9, 23, 22, 19, '1'),
	(2157, '2024-10-15 16:26:58.169326', 10, 23, 22, 19, '0.75'),
	(2158, '2024-10-15 16:26:58.169326', 11, 23, 22, 19, '0.30'),
	(2159, '2024-10-15 16:26:58.169326', 12, 23, 22, 19, '1'),
	(2160, '2024-10-15 16:26:58.169326', 13, 23, 22, 19, '0.60'),
	(2161, '2024-10-15 16:26:58.169326', 14, 23, 22, 19, '1.50'),
	(2162, '2024-10-15 16:26:58.169326', 15, 23, 22, 19, '0.75'),
	(2163, '2024-10-15 16:26:58.169326', 16, 23, 22, 19, '0.50'),
	(2164, '2024-10-15 16:26:58.169326', 17, 23, 22, 19, '0.75'),
	(2165, '2024-10-15 16:26:58.169326', 18, 23, 22, 19, '0.75'),
	(2166, '2024-10-15 16:26:58.169326', 19, 23, 22, 19, '0.50'),
	(2167, '2024-10-15 16:26:58.169326', 20, 23, 22, 19, '0.50'),
	(2168, '2024-10-15 16:26:58.169326', 21, 23, 22, 19, '0.75'),
	(2169, '2024-10-15 16:26:58.169326', 22, 23, 22, 19, '0.50'),
	(2170, '2024-10-15 16:26:58.169326', 23, 23, 22, 19, '0.60'),
	(2171, '2024-10-15 16:26:58.169326', 24, 23, 22, 19, '1'),
	(2172, '2024-10-15 16:26:58.169326', 25, 23, 22, 19, '7.5'),
	(2173, '2024-10-15 16:26:58.169326', 26, 23, 22, 19, '10'),
	(2174, '2024-10-15 16:26:58.169326', 27, 23, 22, 19, '3'),
	(2175, '2024-10-15 16:26:58.169326', 28, 23, 22, 19, '2.5'),
	(2176, '2024-10-15 16:26:58.169326', 29, 23, 22, 19, '1.5'),
	(2177, '2024-10-15 16:26:58.169326', 30, 23, 22, 19, '1'),
	(2178, '2024-10-15 16:26:58.169326', 31, 23, 22, 19, '2.5'),
	(2179, '2024-10-15 16:26:58.169326', 32, 23, 22, 19, '2.5'),
	(2180, '2024-10-15 16:26:58.169326', 33, 23, 22, 19, '7.5'),
	(2181, '2024-10-15 16:26:58.169326', 34, 23, 22, 19, '0.30'),
	(2182, '2024-10-15 16:26:58.169326', 35, 23, 22, 19, '1'),
	(2183, '2024-10-15 16:26:58.169326', 36, 23, 22, 19, '0.50'),
	(2184, '2024-10-15 16:26:58.169326', 37, 23, 22, 19, '0.50'),
	(2185, '2024-10-15 16:26:58.169326', 38, 23, 22, 19, '0.50'),
	(2186, '2024-10-15 16:26:58.169326', 39, 23, 22, 19, '1.13'),
	(2187, '2024-10-15 16:26:58.169326', 40, 23, 22, 19, '0.50'),
	(2188, '2024-10-15 16:26:58.169326', 41, 23, 22, 19, '1'),
	(2189, '2024-10-15 16:28:19.981480', 1, 18, 22, 19, '0.75'),
	(2190, '2024-10-15 16:28:19.981480', 2, 18, 22, 19, '0.75'),
	(2191, '2024-10-15 16:28:19.981480', 3, 18, 22, 19, '0.30'),
	(2192, '2024-10-15 16:28:19.981480', 4, 18, 22, 19, '0.75'),
	(2193, '2024-10-15 16:28:19.981480', 5, 18, 22, 19, '1'),
	(2194, '2024-10-15 16:28:19.981480', 6, 18, 22, 19, '0.75'),
	(2195, '2024-10-15 16:28:19.981480', 7, 18, 22, 19, '0.50'),
	(2196, '2024-10-15 16:28:19.981480', 8, 18, 22, 19, '0.56'),
	(2197, '2024-10-15 16:28:19.981480', 9, 18, 22, 19, '0.75'),
	(2198, '2024-10-15 16:28:19.981480', 10, 18, 22, 19, '0.50'),
	(2199, '2024-10-15 16:28:19.981480', 11, 18, 22, 19, '0.30'),
	(2200, '2024-10-15 16:28:19.981480', 12, 18, 22, 19, '2'),
	(2201, '2024-10-15 16:28:19.981480', 13, 18, 22, 19, '0.60'),
	(2202, '2024-10-15 16:28:19.981480', 14, 18, 22, 19, '1.50'),
	(2203, '2024-10-15 16:28:19.981480', 15, 18, 22, 19, '0.50'),
	(2204, '2024-10-15 16:28:19.981480', 16, 18, 22, 19, '0.75'),
	(2205, '2024-10-15 16:28:19.981480', 17, 18, 22, 19, '0.50'),
	(2206, '2024-10-15 16:28:19.981480', 18, 18, 22, 19, '1'),
	(2207, '2024-10-15 16:28:19.981480', 19, 18, 22, 19, '2'),
	(2208, '2024-10-15 16:28:19.981480', 20, 18, 22, 19, '0.50'),
	(2209, '2024-10-15 16:28:19.981480', 21, 18, 22, 19, '0.75'),
	(2210, '2024-10-15 16:28:19.981480', 22, 18, 22, 19, '1'),
	(2211, '2024-10-15 16:28:19.981480', 23, 18, 22, 19, '1.5'),
	(2212, '2024-10-15 16:28:19.981480', 24, 18, 22, 19, '1'),
	(2213, '2024-10-15 16:28:19.981480', 25, 18, 22, 19, '3'),
	(2214, '2024-10-15 16:28:19.981480', 26, 18, 22, 19, '3'),
	(2215, '2024-10-15 16:28:19.981480', 27, 18, 22, 19, '10'),
	(2216, '2024-10-15 16:28:19.981480', 28, 18, 22, 19, '1.5'),
	(2217, '2024-10-15 16:28:19.981480', 29, 18, 22, 19, '5'),
	(2218, '2024-10-15 16:28:19.981480', 30, 18, 22, 19, '2.5'),
	(2219, '2024-10-15 16:28:19.981480', 31, 18, 22, 19, '1.67'),
	(2220, '2024-10-15 16:28:19.981480', 32, 18, 22, 19, '2.5'),
	(2221, '2024-10-15 16:28:19.981480', 33, 18, 22, 19, '7.5'),
	(2222, '2024-10-15 16:28:19.981480', 34, 18, 22, 19, '0.30'),
	(2223, '2024-10-15 16:28:19.981480', 35, 18, 22, 19, '0.75'),
	(2224, '2024-10-15 16:28:19.981480', 36, 18, 22, 19, '0.30'),
	(2225, '2024-10-15 16:28:19.981480', 37, 18, 22, 19, '0.50'),
	(2226, '2024-10-15 16:28:19.981480', 38, 18, 22, 19, '0.75'),
	(2227, '2024-10-15 16:28:19.981480', 39, 18, 22, 19, '0.50'),
	(2228, '2024-10-15 16:28:19.981480', 40, 18, 22, 19, '0.50'),
	(2229, '2024-10-15 16:28:19.981480', 41, 18, 22, 19, '2'),
	(2230, '2024-10-15 16:28:47.095250', 1, 17, 22, 19, '0.50'),
	(2231, '2024-10-15 16:28:47.095250', 2, 17, 22, 19, '0.50'),
	(2232, '2024-10-15 16:28:47.095250', 3, 17, 22, 19, '0.50'),
	(2233, '2024-10-15 16:28:47.095250', 4, 17, 22, 19, '1'),
	(2234, '2024-10-15 16:28:47.095250', 5, 17, 22, 19, '0.30'),
	(2235, '2024-10-15 16:28:47.095250', 6, 17, 22, 19, '0.75'),
	(2236, '2024-10-15 16:28:47.095250', 7, 17, 22, 19, '0.50'),
	(2237, '2024-10-15 16:28:47.095250', 8, 17, 22, 19, '0.56'),
	(2238, '2024-10-15 16:28:47.095250', 9, 17, 22, 19, '0.30'),
	(2239, '2024-10-15 16:28:47.095250', 10, 17, 22, 19, '0.75'),
	(2240, '2024-10-15 16:28:47.095250', 11, 17, 22, 19, '0.75'),
	(2241, '2024-10-15 16:28:47.095250', 12, 17, 22, 19, '0.60'),
	(2242, '2024-10-15 16:28:47.095250', 13, 17, 22, 19, '0.60'),
	(2243, '2024-10-15 16:28:47.095250', 14, 17, 22, 19, '2'),
	(2244, '2024-10-15 16:28:47.095250', 15, 17, 22, 19, '0.30'),
	(2245, '2024-10-15 16:28:47.095250', 16, 17, 22, 19, '0.50'),
	(2246, '2024-10-15 16:28:47.095250', 17, 17, 22, 19, '0.30'),
	(2247, '2024-10-15 16:28:47.095250', 18, 17, 22, 19, '0.75'),
	(2248, '2024-10-15 16:28:47.095250', 19, 17, 22, 19, '0.50'),
	(2249, '2024-10-15 16:28:47.095250', 20, 17, 22, 19, '0.50'),
	(2250, '2024-10-15 16:28:47.095250', 21, 17, 22, 19, '0.50'),
	(2251, '2024-10-15 16:28:47.095250', 22, 17, 22, 19, '0.30'),
	(2252, '2024-10-15 16:28:47.095250', 23, 17, 22, 19, '1'),
	(2253, '2024-10-15 16:28:47.095250', 24, 17, 22, 19, '1.50'),
	(2254, '2024-10-15 16:28:47.095250', 25, 17, 22, 19, '7.5'),
	(2255, '2024-10-15 16:28:47.095250', 26, 17, 22, 19, '7.5'),
	(2256, '2024-10-15 16:28:47.095250', 27, 17, 22, 19, '10'),
	(2257, '2024-10-15 16:28:47.095250', 28, 17, 22, 19, '2.5'),
	(2258, '2024-10-15 16:28:47.095250', 29, 17, 22, 19, '3.75'),
	(2259, '2024-10-15 16:28:47.095250', 30, 17, 22, 19, '1.67'),
	(2260, '2024-10-15 16:28:47.095250', 31, 17, 22, 19, '1'),
	(2261, '2024-10-15 16:28:47.095250', 32, 17, 22, 19, '2.5'),
	(2262, '2024-10-15 16:28:47.095250', 33, 17, 22, 19, '7.5'),
	(2263, '2024-10-15 16:28:47.095250', 34, 17, 22, 19, '0.75'),
	(2264, '2024-10-15 16:28:47.095250', 35, 17, 22, 19, '1'),
	(2265, '2024-10-15 16:28:47.095250', 36, 17, 22, 19, '1'),
	(2266, '2024-10-15 16:28:47.095250', 37, 17, 22, 19, '0.30'),
	(2267, '2024-10-15 16:28:47.095250', 38, 17, 22, 19, '0.50'),
	(2268, '2024-10-15 16:28:47.095250', 39, 17, 22, 19, '1.5'),
	(2269, '2024-10-15 16:28:47.095250', 40, 17, 22, 19, '0.75'),
	(2270, '2024-10-15 16:28:47.095250', 41, 17, 22, 19, '1'),
	(2271, '2024-10-15 16:29:44.020730', 50, 25, 22, 20, '1'),
	(2272, '2024-10-15 16:29:44.020730', 51, 25, 22, 20, '5'),
	(2273, '2024-10-15 16:29:44.020730', 52, 25, 22, 20, '1'),
	(2274, '2024-10-15 16:29:44.020730', 53, 25, 22, 20, '2'),
	(2275, '2024-10-15 16:29:44.020730', 54, 25, 22, 20, '2'),
	(2276, '2024-10-15 16:29:44.020730', 55, 25, 22, 20, '1'),
	(2277, '2024-10-15 16:29:44.020730', 56, 25, 22, 20, '4'),
	(2278, '2024-10-15 16:29:44.020730', 57, 25, 22, 20, '4'),
	(2279, '2024-10-15 16:29:44.020730', 58, 25, 22, 20, '4'),
	(2280, '2024-10-15 16:29:44.020730', 59, 25, 22, 20, '6'),
	(2281, '2024-10-15 16:29:44.020730', 60, 25, 22, 20, '2'),
	(2282, '2024-10-15 16:29:44.020730', 61, 25, 22, 20, '4'),
	(2283, '2024-10-15 16:29:44.020730', 62, 25, 22, 20, '6'),
	(2284, '2024-10-15 16:29:44.020730', 63, 25, 22, 20, '4'),
	(2285, '2024-10-15 16:29:56.471454', 50, 24, 22, 20, '1'),
	(2286, '2024-10-15 16:29:56.471454', 51, 24, 22, 20, '1'),
	(2287, '2024-10-15 16:29:56.471454', 52, 24, 22, 20, '4'),
	(2288, '2024-10-15 16:29:56.471454', 53, 24, 22, 20, '4'),
	(2289, '2024-10-15 16:29:56.471454', 54, 24, 22, 20, '2'),
	(2290, '2024-10-15 16:29:56.471454', 55, 24, 22, 20, '2'),
	(2291, '2024-10-15 16:29:56.471454', 56, 24, 22, 20, '2'),
	(2292, '2024-10-15 16:29:56.471454', 57, 24, 22, 20, '10'),
	(2293, '2024-10-15 16:29:56.471454', 58, 24, 22, 20, '6'),
	(2294, '2024-10-15 16:29:56.471454', 59, 24, 22, 20, '10'),
	(2295, '2024-10-15 16:29:56.471454', 60, 24, 22, 20, '10'),
	(2296, '2024-10-15 16:29:56.471454', 61, 24, 22, 20, '2'),
	(2297, '2024-10-15 16:29:56.471454', 62, 24, 22, 20, '6'),
	(2298, '2024-10-15 16:29:56.471454', 63, 24, 22, 20, '4'),
	(2299, '2024-10-15 16:30:05.022914', 50, 22, 22, 20, '1'),
	(2300, '2024-10-15 16:30:05.022914', 51, 22, 22, 20, '3'),
	(2301, '2024-10-15 16:30:05.022914', 52, 22, 22, 20, '1'),
	(2302, '2024-10-15 16:30:05.022914', 53, 22, 22, 20, '4'),
	(2303, '2024-10-15 16:30:05.022914', 54, 22, 22, 20, '3'),
	(2304, '2024-10-15 16:30:05.022914', 55, 22, 22, 20, '2'),
	(2305, '2024-10-15 16:30:05.022914', 56, 22, 22, 20, '4'),
	(2306, '2024-10-15 16:30:05.022914', 57, 22, 22, 20, '10'),
	(2307, '2024-10-15 16:30:05.022914', 58, 22, 22, 20, '10'),
	(2308, '2024-10-15 16:30:05.022914', 59, 22, 22, 20, '10'),
	(2309, '2024-10-15 16:30:05.022914', 60, 22, 22, 20, '8'),
	(2310, '2024-10-15 16:30:05.022914', 61, 22, 22, 20, '8'),
	(2311, '2024-10-15 16:30:05.022914', 62, 22, 22, 20, '8'),
	(2312, '2024-10-15 16:30:05.022914', 63, 22, 22, 20, '5'),
	(2313, '2024-10-15 16:30:14.214892', 50, 21, 22, 20, '5'),
	(2314, '2024-10-15 16:30:14.214892', 51, 21, 22, 20, '1'),
	(2315, '2024-10-15 16:30:14.214892', 52, 21, 22, 20, '2'),
	(2316, '2024-10-15 16:30:14.214892', 53, 21, 22, 20, '5'),
	(2317, '2024-10-15 16:30:14.214892', 54, 21, 22, 20, '1'),
	(2318, '2024-10-15 16:30:14.214892', 55, 21, 22, 20, '2'),
	(2319, '2024-10-15 16:30:14.214892', 56, 21, 22, 20, '2'),
	(2320, '2024-10-15 16:30:14.214892', 57, 21, 22, 20, '6'),
	(2321, '2024-10-15 16:30:14.214892', 58, 21, 22, 20, '4'),
	(2322, '2024-10-15 16:30:14.214892', 59, 21, 22, 20, '8'),
	(2323, '2024-10-15 16:30:14.214892', 60, 21, 22, 20, '4'),
	(2324, '2024-10-15 16:30:14.214892', 61, 21, 22, 20, '8'),
	(2325, '2024-10-15 16:30:14.214892', 62, 21, 22, 20, '4'),
	(2326, '2024-10-15 16:30:14.214892', 63, 21, 22, 20, '1');

-- Dumping data for table db_ems.detail_evaluasi_presentasi: ~160 rows (approximately)
INSERT INTO `detail_evaluasi_presentasi` (`id`, `event_id`, `pertanyaan_id`, `score`, `team_id`, `created_at`, `user_id`) VALUES
	(331, 19, 55, '20', 19, '2024-10-15 15:55:34.779656', 21),
	(332, 19, 56, '10', 19, '2024-10-15 15:55:34.779656', 21),
	(333, 19, 57, '18', 19, '2024-10-15 15:55:34.779656', 21),
	(334, 19, 58, '8', 19, '2024-10-15 15:55:34.779656', 21),
	(335, 19, 59, '10', 19, '2024-10-15 15:55:34.779656', 21),
	(336, 19, 60, '7', 19, '2024-10-15 15:55:34.779656', 21),
	(337, 19, 55, '20', 23, '2024-10-15 15:55:45.069732', 21),
	(338, 19, 56, '10', 23, '2024-10-15 15:55:45.069732', 21),
	(339, 19, 57, '18', 23, '2024-10-15 15:55:45.069732', 21),
	(340, 19, 58, '15', 23, '2024-10-15 15:55:45.069732', 21),
	(341, 19, 59, '10', 23, '2024-10-15 15:55:45.069732', 21),
	(342, 19, 60, '7', 23, '2024-10-15 15:55:45.069732', 21),
	(343, 19, 55, '20', 18, '2024-10-15 15:55:53.316924', 21),
	(344, 19, 56, '0', 18, '2024-10-15 15:55:53.316924', 21),
	(345, 19, 57, '17', 18, '2024-10-15 15:55:53.316924', 21),
	(346, 19, 58, '15', 18, '2024-10-15 15:55:53.316924', 21),
	(347, 19, 59, '10', 18, '2024-10-15 15:55:53.316924', 21),
	(348, 19, 60, '7', 18, '2024-10-15 15:55:53.316924', 21),
	(349, 19, 55, '20', 17, '2024-10-15 15:55:59.610768', 21),
	(350, 19, 56, '10', 17, '2024-10-15 15:55:59.610768', 21),
	(351, 19, 57, '18', 17, '2024-10-15 15:55:59.610768', 21),
	(352, 19, 58, '15', 17, '2024-10-15 15:55:59.610768', 21),
	(353, 19, 59, '10', 17, '2024-10-15 15:55:59.610768', 21),
	(354, 19, 60, '7', 17, '2024-10-15 15:55:59.610768', 21),
	(355, 20, 62, '10', 25, '2024-10-15 16:00:54.603830', 21),
	(356, 20, 63, '5', 25, '2024-10-15 16:00:54.603830', 21),
	(357, 20, 64, '5', 25, '2024-10-15 16:00:54.603830', 21),
	(358, 20, 65, '10', 25, '2024-10-15 16:00:54.603830', 21),
	(359, 20, 66, '5', 25, '2024-10-15 16:00:54.603830', 21),
	(360, 20, 67, '5', 25, '2024-10-15 16:00:54.603830', 21),
	(361, 20, 68, '5', 25, '2024-10-15 16:00:54.603830', 21),
	(362, 20, 69, '5', 25, '2024-10-15 16:00:54.603830', 21),
	(363, 20, 70, '5', 25, '2024-10-15 16:00:54.603830', 21),
	(364, 20, 71, '5', 25, '2024-10-15 16:00:54.603830', 21),
	(365, 20, 72, '10', 25, '2024-10-15 16:00:54.603830', 21),
	(366, 20, 76, '10', 25, '2024-10-15 16:00:54.603830', 21),
	(367, 20, 77, '10', 25, '2024-10-15 16:00:54.603830', 21),
	(368, 20, 78, '10', 25, '2024-10-15 16:00:54.603830', 21),
	(369, 20, 62, '10', 24, '2024-10-15 16:16:41.228803', 21),
	(370, 20, 63, '5', 24, '2024-10-15 16:16:41.228803', 21),
	(371, 20, 64, '5', 24, '2024-10-15 16:16:41.228803', 21),
	(372, 20, 65, '10', 24, '2024-10-15 16:16:41.228803', 21),
	(373, 20, 66, '5', 24, '2024-10-15 16:16:41.228803', 21),
	(374, 20, 67, '5', 24, '2024-10-15 16:16:41.228803', 21),
	(375, 20, 68, '5', 24, '2024-10-15 16:16:41.228803', 21),
	(376, 20, 69, '5', 24, '2024-10-15 16:16:41.228803', 21),
	(377, 20, 70, '5', 24, '2024-10-15 16:16:41.228803', 21),
	(378, 20, 71, '5', 24, '2024-10-15 16:16:41.228803', 21),
	(379, 20, 72, '10', 24, '2024-10-15 16:16:41.228803', 21),
	(380, 20, 76, '10', 24, '2024-10-15 16:16:41.228803', 21),
	(381, 20, 77, '10', 24, '2024-10-15 16:16:41.228803', 21),
	(382, 20, 78, '10', 24, '2024-10-15 16:16:41.228803', 21),
	(383, 20, 62, '10', 22, '2024-10-15 16:16:47.232746', 21),
	(384, 20, 63, '5', 22, '2024-10-15 16:16:47.232746', 21),
	(385, 20, 64, '4', 22, '2024-10-15 16:16:47.232746', 21),
	(386, 20, 65, '10', 22, '2024-10-15 16:16:47.232746', 21),
	(387, 20, 66, '5', 22, '2024-10-15 16:16:47.232746', 21),
	(388, 20, 67, '0', 22, '2024-10-15 16:16:47.232746', 21),
	(389, 20, 68, '5', 22, '2024-10-15 16:16:47.232746', 21),
	(390, 20, 69, '5', 22, '2024-10-15 16:16:47.232746', 21),
	(391, 20, 70, '5', 22, '2024-10-15 16:16:47.232746', 21),
	(392, 20, 71, '5', 22, '2024-10-15 16:16:47.232746', 21),
	(393, 20, 72, '10', 22, '2024-10-15 16:16:47.232746', 21),
	(394, 20, 76, '10', 22, '2024-10-15 16:16:47.232746', 21),
	(395, 20, 77, '10', 22, '2024-10-15 16:16:47.232746', 21),
	(396, 20, 78, '7', 22, '2024-10-15 16:16:47.232746', 21),
	(397, 20, 62, '10', 21, '2024-10-15 16:16:52.940292', 21),
	(398, 20, 63, '5', 21, '2024-10-15 16:16:52.940292', 21),
	(399, 20, 64, '5', 21, '2024-10-15 16:16:52.940292', 21),
	(400, 20, 65, '10', 21, '2024-10-15 16:16:52.940292', 21),
	(401, 20, 66, '5', 21, '2024-10-15 16:16:52.940292', 21),
	(402, 20, 67, '3', 21, '2024-10-15 16:16:52.940292', 21),
	(403, 20, 68, '5', 21, '2024-10-15 16:16:52.940292', 21),
	(404, 20, 69, '5', 21, '2024-10-15 16:16:52.940292', 21),
	(405, 20, 70, '5', 21, '2024-10-15 16:16:52.940292', 21),
	(406, 20, 71, '5', 21, '2024-10-15 16:16:52.940292', 21),
	(407, 20, 72, '10', 21, '2024-10-15 16:16:52.940292', 21),
	(408, 20, 76, '10', 21, '2024-10-15 16:16:52.940292', 21),
	(409, 20, 77, '10', 21, '2024-10-15 16:16:52.940292', 21),
	(410, 20, 78, '10', 21, '2024-10-15 16:16:52.940292', 21),
	(411, 19, 55, '20', 19, '2024-10-15 16:29:05.486559', 22),
	(412, 19, 56, '10', 19, '2024-10-15 16:29:05.486559', 22),
	(413, 19, 57, '18', 19, '2024-10-15 16:29:05.486559', 22),
	(414, 19, 58, '15', 19, '2024-10-15 16:29:05.486559', 22),
	(415, 19, 59, '10', 19, '2024-10-15 16:29:05.486559', 22),
	(416, 19, 60, '7', 19, '2024-10-15 16:29:05.486559', 22),
	(417, 19, 55, '20', 23, '2024-10-15 16:29:11.166068', 22),
	(418, 19, 56, '10', 23, '2024-10-15 16:29:11.166068', 22),
	(419, 19, 57, '18', 23, '2024-10-15 16:29:11.166068', 22),
	(420, 19, 58, '11', 23, '2024-10-15 16:29:11.166068', 22),
	(421, 19, 59, '10', 23, '2024-10-15 16:29:11.166068', 22),
	(422, 19, 60, '7', 23, '2024-10-15 16:29:11.166068', 22),
	(423, 19, 55, '20', 18, '2024-10-15 16:29:17.812999', 22),
	(424, 19, 56, '10', 18, '2024-10-15 16:29:17.812999', 22),
	(425, 19, 57, '15', 18, '2024-10-15 16:29:17.812999', 22),
	(426, 19, 58, '15', 18, '2024-10-15 16:29:17.812999', 22),
	(427, 19, 59, '10', 18, '2024-10-15 16:29:17.812999', 22),
	(428, 19, 60, '7', 18, '2024-10-15 16:29:17.812999', 22),
	(429, 19, 55, '19', 17, '2024-10-15 16:29:23.589586', 22),
	(430, 19, 56, '10', 17, '2024-10-15 16:29:23.589586', 22),
	(431, 19, 57, '18', 17, '2024-10-15 16:29:23.589586', 22),
	(432, 19, 58, '15', 17, '2024-10-15 16:29:23.589586', 22),
	(433, 19, 59, '10', 17, '2024-10-15 16:29:23.589586', 22),
	(434, 19, 60, '7', 17, '2024-10-15 16:29:23.589586', 22),
	(435, 20, 62, '10', 25, '2024-10-15 16:30:21.707023', 22),
	(436, 20, 63, '5', 25, '2024-10-15 16:30:21.707023', 22),
	(437, 20, 64, '5', 25, '2024-10-15 16:30:21.707023', 22),
	(438, 20, 65, '10', 25, '2024-10-15 16:30:21.707023', 22),
	(439, 20, 66, '0', 25, '2024-10-15 16:30:21.707023', 22),
	(440, 20, 67, '1', 25, '2024-10-15 16:30:21.707023', 22),
	(441, 20, 68, '5', 25, '2024-10-15 16:30:21.707023', 22),
	(442, 20, 69, '5', 25, '2024-10-15 16:30:21.707023', 22),
	(443, 20, 70, '5', 25, '2024-10-15 16:30:21.707023', 22),
	(444, 20, 71, '5', 25, '2024-10-15 16:30:21.707023', 22),
	(445, 20, 72, '10', 25, '2024-10-15 16:30:21.707023', 22),
	(446, 20, 76, '10', 25, '2024-10-15 16:30:21.707023', 22),
	(447, 20, 77, '10', 25, '2024-10-15 16:30:21.707023', 22),
	(448, 20, 78, '1', 25, '2024-10-15 16:30:21.707023', 22),
	(449, 20, 62, '10', 24, '2024-10-15 16:30:27.043125', 22),
	(450, 20, 63, '5', 24, '2024-10-15 16:30:27.043125', 22),
	(451, 20, 64, '5', 24, '2024-10-15 16:30:27.043125', 22),
	(452, 20, 65, '10', 24, '2024-10-15 16:30:27.043125', 22),
	(453, 20, 66, '5', 24, '2024-10-15 16:30:27.043125', 22),
	(454, 20, 67, '5', 24, '2024-10-15 16:30:27.043125', 22),
	(455, 20, 68, '5', 24, '2024-10-15 16:30:27.043125', 22),
	(456, 20, 69, '5', 24, '2024-10-15 16:30:27.043125', 22),
	(457, 20, 70, '5', 24, '2024-10-15 16:30:27.043125', 22),
	(458, 20, 71, '5', 24, '2024-10-15 16:30:27.043125', 22),
	(459, 20, 72, '10', 24, '2024-10-15 16:30:27.043125', 22),
	(460, 20, 76, '10', 24, '2024-10-15 16:30:27.043125', 22),
	(461, 20, 77, '10', 24, '2024-10-15 16:30:27.043125', 22),
	(462, 20, 78, '6', 24, '2024-10-15 16:30:27.043125', 22),
	(463, 20, 62, '10', 22, '2024-10-15 16:30:31.558131', 22),
	(464, 20, 63, '5', 22, '2024-10-15 16:30:31.558131', 22),
	(465, 20, 64, '5', 22, '2024-10-15 16:30:31.558131', 22),
	(466, 20, 65, '10', 22, '2024-10-15 16:30:31.558131', 22),
	(467, 20, 66, '5', 22, '2024-10-15 16:30:31.558131', 22),
	(468, 20, 67, '5', 22, '2024-10-15 16:30:31.558131', 22),
	(469, 20, 68, '5', 22, '2024-10-15 16:30:31.558131', 22),
	(470, 20, 69, '5', 22, '2024-10-15 16:30:31.558131', 22),
	(471, 20, 70, '5', 22, '2024-10-15 16:30:31.558131', 22),
	(472, 20, 71, '5', 22, '2024-10-15 16:30:31.558131', 22),
	(473, 20, 72, '7', 22, '2024-10-15 16:30:31.558131', 22),
	(474, 20, 76, '10', 22, '2024-10-15 16:30:31.558131', 22),
	(475, 20, 77, '10', 22, '2024-10-15 16:30:31.558131', 22),
	(476, 20, 78, '10', 22, '2024-10-15 16:30:31.558131', 22),
	(477, 20, 62, '10', 21, '2024-10-15 16:30:36.368962', 22),
	(478, 20, 63, '5', 21, '2024-10-15 16:30:36.368962', 22),
	(479, 20, 64, '5', 21, '2024-10-15 16:30:36.368962', 22),
	(480, 20, 65, '10', 21, '2024-10-15 16:30:36.368962', 22),
	(481, 20, 66, '5', 21, '2024-10-15 16:30:36.368962', 22),
	(482, 20, 67, '5', 21, '2024-10-15 16:30:36.368962', 22),
	(483, 20, 68, '5', 21, '2024-10-15 16:30:36.368962', 22),
	(484, 20, 69, '5', 21, '2024-10-15 16:30:36.368962', 22),
	(485, 20, 70, '5', 21, '2024-10-15 16:30:36.368962', 22),
	(486, 20, 71, '5', 21, '2024-10-15 16:30:36.368962', 22),
	(487, 20, 72, '10', 21, '2024-10-15 16:30:36.368962', 22),
	(488, 20, 76, '10', 21, '2024-10-15 16:30:36.368962', 22),
	(489, 20, 77, '7', 21, '2024-10-15 16:30:36.368962', 22),
	(490, 20, 78, '10', 21, '2024-10-15 16:30:36.368962', 22);

-- Dumping data for table db_ems.detail_evaluasi_yelyel: ~91 rows (approximately)
INSERT INTO `detail_evaluasi_yelyel` (`id`, `created_at`, `score`, `pertanyaan_id`, `dept_id`, `dept_name`, `juri_id`) VALUES
	(379, '2024-10-15 16:21:21.933735', '5', 7, 7, 'APW', 21),
	(380, '2024-10-15 16:21:21.933735', '14', 8, 7, 'APW', 21),
	(381, '2024-10-15 16:21:21.933735', '1', 9, 7, 'APW', 21),
	(382, '2024-10-15 16:21:21.933735', '0', 10, 7, 'APW', 21),
	(383, '2024-10-15 16:21:21.933735', '6', 11, 7, 'APW', 21),
	(384, '2024-10-15 16:21:21.933735', '0', 12, 7, 'APW', 21),
	(385, '2024-10-15 16:21:21.933735', '10', 13, 7, 'APW', 21),
	(386, '2024-10-15 16:21:21.933735', '4', 14, 7, 'APW', 21),
	(387, '2024-10-15 16:21:21.933735', '5', 15, 7, 'APW', 21),
	(388, '2024-10-15 16:21:21.933735', '8', 16, 7, 'APW', 21),
	(389, '2024-10-15 16:21:21.933735', '2', 17, 7, 'APW', 21),
	(390, '2024-10-15 16:21:21.933735', '2', 18, 7, 'APW', 21),
	(391, '2024-10-15 16:21:21.933735', '8', 19, 7, 'APW', 21),
	(392, '2024-10-15 16:21:27.784579', '3', 7, 12, 'BPW', 21),
	(393, '2024-10-15 16:21:27.784579', '2', 8, 12, 'BPW', 21),
	(394, '2024-10-15 16:21:27.784579', '0', 9, 12, 'BPW', 21),
	(395, '2024-10-15 16:21:27.784579', '4', 10, 12, 'BPW', 21),
	(396, '2024-10-15 16:21:27.784579', '2', 11, 12, 'BPW', 21),
	(397, '2024-10-15 16:21:27.784579', '3', 12, 12, 'BPW', 21),
	(398, '2024-10-15 16:21:27.784579', '6', 13, 12, 'BPW', 21),
	(399, '2024-10-15 16:21:27.784579', '4', 14, 12, 'BPW', 21),
	(400, '2024-10-15 16:21:27.784579', '2', 15, 12, 'BPW', 21),
	(401, '2024-10-15 16:21:27.784579', '1', 16, 12, 'BPW', 21),
	(402, '2024-10-15 16:21:27.784579', '0', 17, 12, 'BPW', 21),
	(403, '2024-10-15 16:21:27.784579', '2', 18, 12, 'BPW', 21),
	(404, '2024-10-15 16:21:27.784579', '5', 19, 12, 'BPW', 21),
	(405, '2024-10-15 16:21:33.411466', '1', 7, 14, 'RPW', 21),
	(406, '2024-10-15 16:21:33.411466', '5', 8, 14, 'RPW', 21),
	(407, '2024-10-15 16:21:33.411466', '5', 9, 14, 'RPW', 21),
	(408, '2024-10-15 16:21:33.411466', '2', 10, 14, 'RPW', 21),
	(409, '2024-10-15 16:21:33.411466', '9', 11, 14, 'RPW', 21),
	(410, '2024-10-15 16:21:33.411466', '3', 12, 14, 'RPW', 21),
	(411, '2024-10-15 16:21:33.411466', '1', 13, 14, 'RPW', 21),
	(412, '2024-10-15 16:21:33.411466', '2', 14, 14, 'RPW', 21),
	(413, '2024-10-15 16:21:33.411466', '4', 15, 14, 'RPW', 21),
	(414, '2024-10-15 16:21:33.411466', '7', 16, 14, 'RPW', 21),
	(415, '2024-10-15 16:21:33.411466', '3', 17, 14, 'RPW', 21),
	(416, '2024-10-15 16:21:33.411466', '3', 18, 14, 'RPW', 21),
	(417, '2024-10-15 16:21:33.411466', '8', 19, 14, 'RPW', 21),
	(418, '2024-10-15 16:21:42.645633', '2', 7, 15, 'DPW', 21),
	(419, '2024-10-15 16:21:42.645633', '13', 8, 15, 'DPW', 21),
	(420, '2024-10-15 16:21:42.645633', '5', 9, 15, 'DPW', 21),
	(421, '2024-10-15 16:21:42.645633', '0', 10, 15, 'DPW', 21),
	(422, '2024-10-15 16:21:42.645633', '6', 11, 15, 'DPW', 21),
	(423, '2024-10-15 16:21:42.645633', '3', 12, 15, 'DPW', 21),
	(424, '2024-10-15 16:21:42.645633', '9', 13, 15, 'DPW', 21),
	(425, '2024-10-15 16:21:42.645633', '3', 14, 15, 'DPW', 21),
	(426, '2024-10-15 16:21:42.645633', '5', 15, 15, 'DPW', 21),
	(427, '2024-10-15 16:21:42.645633', '3', 16, 15, 'DPW', 21),
	(428, '2024-10-15 16:21:42.645633', '4', 17, 15, 'DPW', 21),
	(429, '2024-10-15 16:21:42.645633', '1', 18, 15, 'DPW', 21),
	(430, '2024-10-15 16:21:42.645633', '2', 19, 15, 'DPW', 21),
	(431, '2024-10-15 16:31:14.832865', '5', 7, 7, 'APW', 22),
	(432, '2024-10-15 16:31:14.832865', '6', 8, 7, 'APW', 22),
	(433, '2024-10-15 16:31:14.832865', '1', 9, 7, 'APW', 22),
	(434, '2024-10-15 16:31:14.832865', '4', 10, 7, 'APW', 22),
	(435, '2024-10-15 16:31:14.832865', '1', 11, 7, 'APW', 22),
	(436, '2024-10-15 16:31:14.832865', '3', 12, 7, 'APW', 22),
	(437, '2024-10-15 16:31:14.832865', '8', 13, 7, 'APW', 22),
	(438, '2024-10-15 16:31:14.832865', '3', 14, 7, 'APW', 22),
	(439, '2024-10-15 16:31:14.832865', '1', 15, 7, 'APW', 22),
	(440, '2024-10-15 16:31:14.832865', '1', 16, 7, 'APW', 22),
	(441, '2024-10-15 16:31:14.832865', '5', 17, 7, 'APW', 22),
	(442, '2024-10-15 16:31:14.832865', '3', 18, 7, 'APW', 22),
	(443, '2024-10-15 16:31:14.832865', '10', 19, 7, 'APW', 22),
	(444, '2024-10-15 16:31:21.128423', '5', 7, 12, 'BPW', 22),
	(445, '2024-10-15 16:31:21.128423', '7', 8, 12, 'BPW', 22),
	(446, '2024-10-15 16:31:21.128423', '0', 9, 12, 'BPW', 22),
	(447, '2024-10-15 16:31:21.128423', '4', 10, 12, 'BPW', 22),
	(448, '2024-10-15 16:31:21.128423', '2', 11, 12, 'BPW', 22),
	(449, '2024-10-15 16:31:21.128423', '1', 12, 12, 'BPW', 22),
	(450, '2024-10-15 16:31:21.128423', '4', 13, 12, 'BPW', 22),
	(451, '2024-10-15 16:31:21.128423', '1', 14, 12, 'BPW', 22),
	(452, '2024-10-15 16:31:21.128423', '0', 15, 12, 'BPW', 22),
	(453, '2024-10-15 16:31:21.128423', '8', 16, 12, 'BPW', 22),
	(454, '2024-10-15 16:31:21.128423', '3', 17, 12, 'BPW', 22),
	(455, '2024-10-15 16:31:21.128423', '0', 18, 12, 'BPW', 22),
	(456, '2024-10-15 16:31:21.128423', '9', 19, 12, 'BPW', 22),
	(457, '2024-10-15 16:31:27.158389', '6', 7, 14, 'RPW', 22),
	(458, '2024-10-15 16:31:27.158389', '12', 8, 14, 'RPW', 22),
	(459, '2024-10-15 16:31:27.158389', '4', 9, 14, 'RPW', 22),
	(460, '2024-10-15 16:31:27.158389', '4', 10, 14, 'RPW', 22),
	(461, '2024-10-15 16:31:27.158389', '7', 11, 14, 'RPW', 22),
	(462, '2024-10-15 16:31:27.158389', '0', 12, 14, 'RPW', 22),
	(463, '2024-10-15 16:31:27.158389', '3', 13, 14, 'RPW', 22),
	(464, '2024-10-15 16:31:27.158389', '1', 14, 14, 'RPW', 22),
	(465, '2024-10-15 16:31:27.158389', '1', 15, 14, 'RPW', 22),
	(466, '2024-10-15 16:31:27.158389', '2', 16, 14, 'RPW', 22),
	(467, '2024-10-15 16:31:27.158389', '1', 17, 14, 'RPW', 22),
	(468, '2025-10-15 16:31:27.158389', '3', 18, 14, 'RPW', 22),
	(469, '2023-10-15 16:31:27.158389', '9', 19, 14, 'RPW', 22);

-- Dumping data for table db_ems.event: ~3 rows (approximately)
INSERT INTO `event` (`event_id`, `event_name`, `event_year`, `event_type`) VALUES
	(19, 'QCC 2024', '2024', 'QCC'),
	(20, 'SS 2024', '2024', 'SS'),
	(48, 'QCC CCC', '2024', 'QCC');

-- Dumping data for table db_ems.fase_lapangan: ~8 rows (approximately)
INSERT INTO `fase_lapangan` (`id`, `name`, `type`, `active`) VALUES
	(1, 'PLAN', 'QCC', b'1'),
	(2, 'DO', 'QCC', b'1'),
	(3, 'CHECK', 'QCC', b'1'),
	(4, 'ACTION', 'QCC', b'1'),
	(8, 'PLAN', 'SS', b'1'),
	(9, 'DO', 'SS', b'1'),
	(10, 'CHECK', 'SS', b'1'),
	(11, 'ACTION', 'SS', b'1');

-- Dumping data for table db_ems.kriteria_lapangan: ~13 rows (approximately)
INSERT INTO `kriteria_lapangan` (`id`, `name`, `fase_lapangan_id`, `active`) VALUES
	(1, 'PEMILIHAN & TUJUAN PROYEK PERBAIKAN ', 1, b'1'),
	(2, 'PENETAPAN TARGET PROYEK PERBAIKAN', 1, b'1'),
	(3, 'ANALISA SITUASI & PENENTUAN FAKTOR PENYEBAB MASALAH UTAMA', 1, b'1'),
	(4, 'PENGEMBANGAN & RENCANA SOLUSI PERBAIKAN', 1, b'1'),
	(5, 'IMPLEMENTASI SOLUSI PERBAIKAN', 2, b'1'),
	(6, 'EVALUASI HASIL PERBAIKAN', 3, b'1'),
	(7, 'PENGENDALIAN DAN STANDARISASI', 4, b'1'),
	(11, 'MASALAH YANG DIHADAPI (LATAR BELAKANG MASALAH)', 8, b'1'),
	(12, 'ANALISA MASALAH', 8, b'1'),
	(13, 'IDE PERBAIKAN', 8, b'1'),
	(14, 'MELAKSANAKAN PERBAIKAN', 9, b'1'),
	(15, 'EVALUASI HASIL PERBAIKAN', 10, b'1'),
	(16, 'STANDARISASI DAN TINDAK LANJUT', 11, b'1');

-- Dumping data for table db_ems.kriteria_yelyel: ~5 rows (approximately)
INSERT INTO `kriteria_yelyel` (`id`, `name`, `active`) VALUES
	(4, 'Kekompakan', b'1'),
	(5, 'Kesesuaian tema / isi yel - yel', b'1'),
	(6, 'Kreativitas', b'1'),
	(7, 'Gerakan', b'1'),
	(8, 'Ketepatan Waktu', b'1');

-- Dumping data for table db_ems.ms_user: ~11 rows (approximately)
INSERT INTO `ms_user` (`id`, `created_at`, `email`, `nip`, `password`, `role`, `username`, `email_password`, `department`, `active`) VALUES
	(1, '2024-06-20', 'wiz.fie@gmail.com', '22-1122', '$2a$10$bptKmZhV5jsD8DfgDrFWl.o0X5vJUorVgL7556hu4YJFEIfObhTem', 'ADMIN', 'admin', 'sgzh qwvj jivm payz', NULL, b'1'),
	(7, '2024-07-15', 'wizfiee@gmail.com', '21-2321', '$2a$10$DPnnPQCpiGAorLeICoSW6u.sDcltblcd9rKfSX53PhL81grM5wTWG', 'USER', 'APW', 'sgzh qwvj jivm payz', 'APW', b'1'),
	(12, '2024-08-05', 'bpw@mail.com', '', '$2a$10$4wSA1FV4CikVzjVQq.VZ/.iTp8ak2Uqd7VYdA.4.qUEfvr3ebQ.yG', 'USER', 'BPW', NULL, 'BPW', b'1'),
	(14, '2024-08-05', 'rpw@mail.com', '', '$2a$10$ZqY//yvG662CqDnpVaN9WOy43h2uDS1B67c7L/ezWD2hfSUU3/18i', 'USER', 'RPW', NULL, 'RPW', b'1'),
	(15, '2024-08-14', 'dpw@mail.com', '', '$2a$10$dRhXuy9DClzbGQoYglCNS.s.XZmOprSZB3/yx7zne75gZ/lWw8JS6', 'USER', 'DPW', NULL, 'DPW', b'1'),
	(16, '2024-09-06', 'jmw@mail.com', '', '$2a$10$PTQ3AUrPnGpCuzopEyWbHe0FWsoSG3Z7X7sMx9ENTxP.CVZpOm7mu', 'LEADER', 'JMW', NULL, 'JMW', b'1'),
	(17, '2024-09-06', 'wisfie99@gmail.com', '', '$2a$10$kEFJjhOVMz/kOaGdcbp40.IfWYmUMbB8XM7fX.JIKK7aH3RpS0toG', 'LEADER', 'JXP', NULL, 'APW', b'1'),
	(21, '2024-09-06', 'juri2@mail.com', '', '$2a$10$wuMmuWMLNIwVTMeHQQoRQeGLZAHmqr./xXLUdI4gz.SYBgMlxup/S', 'JURI', 'JURI01', NULL, 'DPW', b'1'),
	(22, '2024-09-06', 'logistic.sup321@gmail.com', '', '$2a$10$KFjYsGIPB8X4m9uR.3mH1.N5.cO6UIYc4/Agp01daEeUlN05jOXXa', 'JURI', 'JURI02', 'Lina#2024', 'SMO', b'1'),
	(23, '2024-09-06', 'juri@mail.com', '', '$2a$10$U4XDNAL.uiJjvBoW3DaQyeudYfpj/xCvVATqmLY0DR8ftYGxmuJOG', 'JURI', 'JURI03', NULL, 'SMO', b'0'),
	(24, '2024-12-09', 'kaka@mail.com', '', '$2a$10$okCvF0KL48YiyFOmGf/11eu8WQo2aEX35vgPSuF/m6AeJOzPplr72', 'LEADER', 'kaka', NULL, 'APW', b'0');

-- Dumping data for table db_ems.pertanyaan_lapangan: ~55 rows (approximately)
INSERT INTO `pertanyaan_lapangan` (`id`, `pertanyaan`, `sub_kriteria_lapangan_id`, `active`) VALUES
	(1, 'Melakukan identifikasi dan membuat stratifikasi masalah (problem/persoalan)', 1, b'1'),
	(2, 'Memilih project improvement/inovasi berdasarkan data & fakta melalui penggunaan quality methode dan tools secara maksimal (baik dan benar)', 1, b'1'),
	(3, 'Menjelaskan alasan kenapa proyek perbaikan tersebut dipilih', 1, b'1'),
	(4, 'Menjelaskan proyek perbaikan (improvement/inovasi) yang terseleksi mempunyai potensi pengaruh positif terhadap tujuan (strategi) perusahaan', 2, b'1'),
	(5, 'Teridentifikasi tingkat kesulitan (kompleksitas) masalah / pelaksanaan perbaikan dari proyek yang terseleksi', 2, b'1'),
	(6, 'Tercermin harapan Customer dan/atau Stakeholders terhadap proyek perbaikan (improvement/inovasi) yang akan dilaksanakan', 2, b'1'),
	(7, 'Mengidentifikasi Stakeholders yang bisa involve (terlibat) maupun yang dapat memberikan support dalam proyek perbaikan (improvement/inovasi)', 3, b'1'),
	(8, 'Mengidentifikasi Stakeholders yang resisten (menghambat), sehingga menjadikan tantangan terhadap proyek perbaikan (improvement/inovasi) ', 3, b'1'),
	(9, 'Menjelaskan bagaimana mereka (stakeholders) akan bisa memberikan dampak positif terhadap proyek perbaikan (Improvement/inovasi)', 3, b'1'),
	(10, 'Target (sasaran) yang ditetapkan mencakup QCDSMP', 4, b'1'),
	(11, 'Penetapan sasaran jangka pendek, dan sasaran tersebut menjadi bagian dari tujuan perbaikan', 4, b'1'),
	(12, 'Target (sasaran) jelas dan menantang', 5, b'1'),
	(13, 'Prediksi manfaat dan masalah potensial', 6, b'1'),
	(14, 'Verifikasi stakeholders yang terkait dengan proyek perbaikan', 7, b'1'),
	(15, 'Akar masalah teridentifikasi dengan jelas dan dapat dibuktikan', 8, b'1'),
	(16, 'Munculnya akar penyebab dari akar masalah pada suatu faktor yang telah dikembangkan', 8, b'1'),
	(17, 'Identifikasi dan validasi (memiliki akurasi penentuan) faktor penyebab dominan (akar penyebab masalah utama)', 8, b'1'),
	(18, 'Kesesuaian masalah dengan prioritas penanganan faktor penyebab dominan', 8, b'1'),
	(19, 'Aktualisasi dan keterlibatan team & stakeholders dalam mengembangkan pola hubungan sebab akibat', 9, b'1'),
	(20, 'Menjelaskan metode dan quality tools yang digunakan untuk mencari dan memilih ide perbaikan serta menentukan penanggulangan', 10, b'1'),
	(21, 'Menjelaskan kreatifitas team & stakeholders dalam menemukan alternatif solusi (improvement actions) dan parameter kelebihan serta analisa resiko (kekurangannya)', 10, b'1'),
	(22, 'Menjelaskan keterlibatan team & stakeholders dalam menemukan alternatif solusi (improvement actions) dan parameter kelebihan serta analisa resiko (kekurangannya)', 10, b'1'),
	(23, 'Menjelaskan tentang final solutions/improvement actions, validasi dan benefit/kemampuan dalam menjawab kebutuhan yang diharapkan terhadap inovasi/improvement actions yang akan dilakukan', 11, b'1'),
	(24, 'Menguraikan detail rencana project (5W2H), termasuk distribusi peranan dan keterlibatan stakeholders dalam melakukan perbaikan ', 11, b'1'),
	(25, 'Memiliki sistem pantau (monitoring) atas proses pelaksanaan tindakan perbaikan yang dilakukan', 12, b'1'),
	(26, 'Menjelaskan bagaimana mengidentifikasikan serta mengalokasikan hambatan-hambatan (baik yang nyata atau potensial) yang muncul, serta memastikan keterlibatan team & stakeholders untuk meyepakati (buy-in) atas corrective action yang telah ditentukan serta dampaknya', 12, b'1'),
	(27, 'Semua anggota Tim memahami perubahan-perubahan yang terjadi di dalam improvement yang dibuat terhadap kondisi sebelumnya (kondisi awal)', 13, b'1'),
	(28, 'Ada analisis komparasi yg valid & tepat serta kesimpulan analisis/faktor penyebab yg belum teratasi', 14, b'1'),
	(29, 'Tools yang dipakai, alasan penggunaan & hasilnya', 14, b'1'),
	(30, 'Manfaat tangible & intangible', 15, b'1'),
	(31, 'Ada hasil-hasil positif lain yang timbul, tapi bukan sasaran penanggulangan/perbaikan yang telah dilaksanakan', 15, b'1'),
	(32, 'Ada analisis dampak terhadap hasil-hasil lain (apakah hasil perbaikan menimbulkan efek samping?) Bila ada, bagaimana tindakan untuk eliminasi hal tersebut? Hasilnya efisien?', 15, b'1'),
	(33, 'Proyek perbaikan memberikan kontribusi/ dampak nyata terhadap tujuan perusahaan/plant/divisi/departement  dan stakeholders', 16, b'1'),
	(34, 'Pendekatan sistem atas standar baru meliputi standar masukan, proses dan hasil. Dan standar baru tersebut mudah dipahami (informatif)', 17, b'1'),
	(35, 'Kualitas standar pengendalian dan pencegahan terhadap timbulnya masalah (lama atau baru)', 17, b'1'),
	(36, 'Standar baru lebih efektif dan aplikatif dari pada sebelumnya', 17, b'1'),
	(37, 'Standar baru telah dikomunikasikan, sudah diserah terimakan dan dapat diterapkan di tempat lain', 17, b'1'),
	(38, 'Bila terjadi non-conformance (ada peringatan otomatis/tidak otomatis/tidak ada peringatan)', 17, b'1'),
	(39, 'Memiliki kegiatan/tahapan/aktifitas yang menjamin pelaksanaan standar baru secara efektif', 18, b'1'),
	(40, 'Memiliki cara melakukan monitoring dan mengevaluasi standar baru', 18, b'1'),
	(41, 'Identifikasi & Penetapan Rencana Berikutnya ', 19, b'1'),
	(50, 'Memilih project improvement/inovasi berdasarkan data & fakta melalui penggunaan quality methode dan tools secara maksimal (baik dan benar)', 23, b'1'),
	(51, 'Menjelaskan proyek perbaikan (improvement/inovasi) yang terseleksi mempunyai potensi pengaruh positif terhadap permasalahan di tempat kerja', 23, b'1'),
	(52, 'Akar masalah teridentifikasi dengan jelas dan dapat dibuktikan', 24, b'1'),
	(53, 'Munculnya akar penyebab dari akar masalah pada suatu faktor yang telah dikembangkan', 24, b'1'),
	(54, 'Korelasi dengan stretegi atau tingkat urgensi atau tingkat kepentingan permasalahan dalam company view dd', 25, b'1'),
	(55, 'Menjelaskan kreatifitas peserta & stakeholders dalam menemukan alternatif solusi (improvement actions) dan parameter kelebihan serta analisa resiko (kekurangannya)', 25, b'1'),
	(56, 'Menjelaskan tentang final solutions/improvement actions, validasi dan benefit/kemampuan dalam menjawab kebutuhan yang diharapkan terhadap inovasi/improvement actions yang akan dilakukan', 25, b'1'),
	(57, 'Memiliki sistem pantau (monitoring) atas proses pelaksanaan tindakan perbaikan yang dilakukan', 26, b'1'),
	(58, 'Menjelaskan bagaimana mengidentifikasikan serta mengalokasikan hambatan-hambatan (baik yang nyata atau potensial) yang muncul, serta memastikan keterlibatan team & stakeholders untuk meyepakati (buy-in) atas corrective action yang telah ditentukan serta dampaknya', 26, b'1'),
	(59, 'Peserta memahami perubahan-perubahan yang terjadi di dalam improvement yang dibuat terhadap kondisi sebelumnya (kondisi awal)', 26, b'1'),
	(60, 'Tingkat pencapaian perbaikan dibandingkan dengan target (sasaran) akhir / antara', 27, b'1'),
	(61, 'Terdapat hasil-hasil positif lain yang timbul, tapi bukan sasaran penanggulangan/perbaikan yang telah dilaksanakan', 27, b'1'),
	(62, 'Proyek perbaikan memberikan kontribusi/ dampak nyata terhadap tujuan perusahaan/plant/divisi/departement  dan stakeholders', 27, b'1'),
	(63, 'Standar telah dikomunikasikan, sudah diserah terimakan dan dapat diterapkan di tempat lain serta Memiliki kegiatan/tahapan/aktifitas yang menjamin pelaksanaan standar baru secara efektif', 28, b'1');

-- Dumping data for table db_ems.pertanyaan_presentasi: ~21 rows (approximately)
INSERT INTO `pertanyaan_presentasi` (`id`, `pertanyaan`, `type`, `active`) VALUES
	(54, 'Korelasi dengan stretegi atau tingkat urgensi atau tingkat kepentingan permasalahan dalam company view ', 'QCC', b'0'),
	(55, 'Metode  dan tools yang digunakan dalam pengembangan solusi dan inovasi/improvement actions', 'QCC', b'1'),
	(56, 'Standarisasi', 'QCC', b'1'),
	(57, 'Teknik Penyampaian / Kejelasan Presentasi', 'QCC', b'1'),
	(58, 'Keharmonisan penggunaan alat bantu', 'QCC', b'1'),
	(59, 'Kerjasama team dalam presentasi  (Pengelolaan presentasi)', 'QCC', b'1'),
	(60, 'Ketepatan waktu presentasi (Score by timekeeper)', 'QCC', b'1'),
	(62, 'Tersampaikan terkait permasalahan dengan strategi dan urgent untuk diperbaiki (meliputi KPI yang paling critical untuk diperbaiki / temuan audit / terdapat dalam risk register / merupakan complaint / voice of customer, dsb)', 'SS', b'1'),
	(63, 'Tersampaikan terkait analisa sebab - akibat dengan metode 4M1E - Man, Machine, Method, Material, Environment), atau 5 Why serta dapat dibuktikan dan dijelaskan yang memberi kontribusi terbesar terhadap permasalahan', 'SS', b'1'),
	(64, 'Tersampaikan metode perbaikan menggunakan metode SCAMPER (Subtitute, Combine, Adapt, Modify, Put to another use, Eliminate, Reverse)', 'SS', b'1'),
	(65, 'Menampilkan secara lengkap manfaat QCDSMPE (Quality, Cost Delivery, Safety, Morale, Prodictivity dan Environment)', 'SS', b'1'),
	(66, 'Terdapat manfaat baik secara biaya (penguruangan biaya, penambahan potensi pendapatan) maupun dari sisi indikator kinerja  yang lain,', 'SS', b'1'),
	(67, 'Penyajian standarisasi dilakukan dengan sangat  baik sehingga  korelasi antara standarisasi, tindakan perbaikan, dan akar pernyebab yang disasar, terlihat dengan jelas. Standar dikomunikasikan dan ada bukti komunikasi.', 'SS', b'1'),
	(68, 'Berbicara dengan semangat dan menularkan semangat, antusiasme ke peserta', 'SS', b'1'),
	(69, 'Menyampaikan dengan jelas dan intonasi yang tepat', 'SS', b'1'),
	(70, 'Mampu berinteraksi dan menggunakan komunikasi 2 arah dengan pendengar', 'SS', b'1'),
	(71, 'Menggunakan kontak mata dengan peserta', 'SS', b'1'),
	(72, 'Presentasi terstruktur dan terorganisir, terdapat keterkaitan antara topik/slide yang satu dengan slide yang lain,', 'SS', b'1'),
	(76, 'Lama waktu presentasi 8 Menit Jika  (0,5 menit --> SB)  (1 menit --> B)  ( 1.5 menit --> C)  ( 2 menit --> K)  (> 2 menit --> SK)', 'SS', b'1'),
	(77, 'Mampu menjawab pertanyaan dengan benar, akurat dan sesuai dengan dasar teoritis', 'SS', b'1'),
	(78, 'Jawaban disertai dengan contoh - contoh konkrit yang relevant', 'SS', b'1');

-- Dumping data for table db_ems.point_lapangan: ~234 rows (approximately)
INSERT INTO `point_lapangan` (`id`, `jawaban`, `pertanyaan_lapangan_id`, `active`) VALUES
	(1, '1', 1, b'1'),
	(2, '0.75', 1, b'1'),
	(3, '0.50', 1, b'1'),
	(4, '0.30', 1, b'1'),
	(5, '1', 2, b'1'),
	(6, '0.75', 2, b'1'),
	(7, '0.50', 2, b'1'),
	(8, '0.30', 2, b'1'),
	(9, '1', 3, b'1'),
	(10, '0.75', 3, b'1'),
	(11, '0.50', 3, b'1'),
	(12, '0.30', 3, b'1'),
	(13, '1', 4, b'1'),
	(14, '0.75', 4, b'1'),
	(15, '0.50', 4, b'1'),
	(16, '0.30', 4, b'1'),
	(17, '1', 5, b'1'),
	(18, '0.75', 5, b'1'),
	(19, '0.50', 5, b'1'),
	(20, '0.30', 5, b'1'),
	(21, '1', 6, b'1'),
	(22, '0.75', 6, b'1'),
	(23, '0.50', 6, b'1'),
	(24, '0.30', 6, b'1'),
	(25, '1', 7, b'1'),
	(26, '0.75', 7, b'1'),
	(27, '0.50', 7, b'1'),
	(28, '0.30', 7, b'1'),
	(29, '0.75', 8, b'1'),
	(30, '0.56', 8, b'1'),
	(31, '0.38', 8, b'1'),
	(32, '0.23', 8, b'1'),
	(33, '1', 9, b'1'),
	(34, '0.75', 9, b'1'),
	(35, '0.50', 9, b'1'),
	(36, '0.30', 9, b'1'),
	(37, '1', 10, b'1'),
	(38, '0.75', 10, b'1'),
	(39, '0.50', 10, b'1'),
	(40, '0.30', 10, b'1'),
	(41, '1', 11, b'1'),
	(42, '0.75', 11, b'1'),
	(43, '0.50', 11, b'1'),
	(44, '0.30', 11, b'1'),
	(45, '2', 12, b'1'),
	(46, '1.50', 12, b'1'),
	(47, '1', 12, b'1'),
	(48, '0.60', 12, b'1'),
	(49, '2', 13, b'1'),
	(50, '1.50', 13, b'1'),
	(51, '1', 13, b'1'),
	(52, '0.60', 13, b'1'),
	(53, '2', 14, b'1'),
	(54, '1.50', 14, b'1'),
	(55, '1', 14, b'1'),
	(56, '0.60', 14, b'1'),
	(57, '1', 15, b'1'),
	(58, '0.75', 15, b'1'),
	(59, '0.50', 15, b'1'),
	(60, '0.30', 15, b'1'),
	(61, '1', 16, b'1'),
	(62, '0.75', 16, b'1'),
	(63, '0.50', 16, b'1'),
	(64, '0.30', 16, b'1'),
	(65, '1', 17, b'1'),
	(66, '0.75', 17, b'1'),
	(67, '0.50', 17, b'1'),
	(68, '0.30', 17, b'1'),
	(69, '1', 18, b'1'),
	(70, '0.75', 18, b'1'),
	(71, '0.50', 18, b'1'),
	(72, '0.30', 18, b'1'),
	(73, '2', 19, b'1'),
	(74, '1.5', 19, b'1'),
	(75, '1', 19, b'1'),
	(76, '0.50', 19, b'1'),
	(77, '1', 20, b'1'),
	(78, '0.75', 20, b'1'),
	(79, '0.50', 20, b'1'),
	(80, '0.30', 20, b'1'),
	(81, '1', 21, b'1'),
	(82, '0.75', 21, b'1'),
	(83, '0.50', 21, b'1'),
	(84, '0.30', 21, b'1'),
	(85, '1', 22, b'1'),
	(86, '0.75', 22, b'1'),
	(87, '0.50', 22, b'1'),
	(88, '0.30', 22, b'1'),
	(89, '2', 23, b'1'),
	(90, '1.5', 23, b'1'),
	(91, '1', 23, b'1'),
	(92, '0.60', 23, b'1'),
	(93, '2', 24, b'1'),
	(94, '1.50', 24, b'1'),
	(95, '1', 24, b'1'),
	(96, '0.60', 24, b'1'),
	(97, '10', 25, b'1'),
	(98, '7.5', 25, b'1'),
	(99, '5', 25, b'1'),
	(100, '3', 25, b'1'),
	(101, '10', 26, b'1'),
	(102, '7.5', 26, b'1'),
	(103, '5', 26, b'1'),
	(104, '3', 26, b'1'),
	(105, '10', 27, b'1'),
	(106, '7.5', 27, b'1'),
	(107, '5', 27, b'1'),
	(108, '3', 27, b'1'),
	(109, '5', 28, b'1'),
	(110, '3.75', 28, b'1'),
	(111, '2.5', 28, b'1'),
	(112, '1.5', 28, b'1'),
	(113, '5', 29, b'1'),
	(114, '3.75', 29, b'1'),
	(115, '2.5', 29, b'1'),
	(116, '1.5', 29, b'1'),
	(117, '3.33', 30, b'1'),
	(118, '2.5', 30, b'1'),
	(119, '1.67', 30, b'1'),
	(120, '1', 30, b'1'),
	(121, '3.33', 31, b'1'),
	(122, '2.5', 31, b'1'),
	(123, '1.67', 31, b'1'),
	(124, '1', 31, b'1'),
	(125, '3.33', 32, b'1'),
	(126, '2.5', 32, b'1'),
	(127, '1.67', 32, b'1'),
	(128, '1', 32, b'1'),
	(129, '10', 33, b'1'),
	(130, '7.5', 33, b'1'),
	(131, '5', 33, b'1'),
	(132, '3', 33, b'1'),
	(133, '1', 34, b'1'),
	(134, '0.75', 34, b'1'),
	(135, '0.50', 34, b'1'),
	(136, '0.30', 34, b'1'),
	(137, '1', 35, b'1'),
	(138, '0.75', 35, b'1'),
	(139, '0.50', 35, b'1'),
	(140, '0.30', 35, b'1'),
	(141, '1', 36, b'1'),
	(142, '0.75', 36, b'1'),
	(143, '0.50', 36, b'1'),
	(144, '0.30', 36, b'1'),
	(145, '1', 37, b'1'),
	(146, '0.75', 37, b'1'),
	(147, '0.50', 37, b'1'),
	(148, '0.30', 37, b'1'),
	(149, '1', 38, b'1'),
	(150, '0.75', 38, b'1'),
	(151, '0.50', 38, b'1'),
	(152, '0.30', 38, b'1'),
	(153, '1.5', 39, b'1'),
	(154, '1.13', 39, b'1'),
	(155, '0.75', 39, b'1'),
	(156, '0.50', 39, b'1'),
	(157, '1.5', 40, b'1'),
	(158, '1.13', 40, b'1'),
	(159, '0.75', 40, b'1'),
	(160, '0.50', 40, b'1'),
	(161, '2', 41, b'1'),
	(162, '1.5', 41, b'1'),
	(163, '1', 41, b'1'),
	(164, '0.5', 41, b'1'),
	(368, '5', 50, b'1'),
	(369, '4', 50, b'1'),
	(370, '3', 50, b'1'),
	(371, '2', 50, b'1'),
	(372, '1', 50, b'1'),
	(373, '5', 51, b'1'),
	(374, '4', 51, b'1'),
	(375, '3', 51, b'1'),
	(376, '2', 51, b'1'),
	(377, '1', 51, b'1'),
	(378, '5', 52, b'1'),
	(379, '4', 52, b'1'),
	(380, '3', 52, b'1'),
	(381, '2', 52, b'1'),
	(382, '1', 52, b'1'),
	(383, '5', 53, b'1'),
	(384, '4', 53, b'1'),
	(385, '3', 53, b'1'),
	(386, '2', 53, b'1'),
	(387, '1', 53, b'1'),
	(388, '5', 54, b'1'),
	(389, '4', 54, b'1'),
	(390, '3', 54, b'1'),
	(391, '2', 54, b'1'),
	(392, '1', 54, b'1'),
	(393, '5', 55, b'1'),
	(394, '4', 55, b'1'),
	(395, '3', 55, b'1'),
	(396, '2', 55, b'1'),
	(397, '1', 55, b'1'),
	(398, '5', 56, b'1'),
	(399, '4', 56, b'1'),
	(400, '3', 56, b'1'),
	(401, '2', 56, b'1'),
	(402, '1', 56, b'1'),
	(403, '10', 57, b'1'),
	(404, '8', 57, b'1'),
	(405, '6', 57, b'1'),
	(406, '4', 57, b'1'),
	(407, '2', 57, b'1'),
	(408, '10', 58, b'1'),
	(409, '8', 58, b'1'),
	(410, '6', 58, b'1'),
	(411, '4', 58, b'1'),
	(412, '2', 58, b'1'),
	(413, '10', 59, b'1'),
	(414, '8', 59, b'1'),
	(415, '6', 59, b'1'),
	(416, '4', 59, b'1'),
	(417, '2', 59, b'1'),
	(418, '10', 60, b'1'),
	(419, '8', 60, b'1'),
	(420, '6', 60, b'1'),
	(421, '4', 60, b'1'),
	(422, '2', 60, b'1'),
	(423, '10', 61, b'1'),
	(424, '6', 61, b'1'),
	(425, '8', 61, b'1'),
	(426, '4', 61, b'1'),
	(427, '2', 61, b'1'),
	(428, '10', 62, b'1'),
	(429, '8', 62, b'1'),
	(430, '6', 62, b'1'),
	(431, '4', 62, b'1'),
	(432, '2', 62, b'1'),
	(433, '5', 63, b'1'),
	(434, '4', 63, b'1'),
	(435, '3', 63, b'1'),
	(436, '2', 63, b'1'),
	(437, '1', 63, b'1');

-- Dumping data for table db_ems.point_presentasi: ~38 rows (approximately)
INSERT INTO `point_presentasi` (`id`, `point_penilaian`, `score_maksimal`, `pertanyaan_id`, `active`) VALUES
	(64, 'Tidak berhubungan dengan tujuan (strategi) perusahaan dan tidak terlihat urgensi atau  tingkat kepentingan permasalahan (bukan sebagai KPI yang paling critical untuk diperbaiki, tidak menjadi temuan audit, tidak terdapat dalam risk register, bukan merupakan complaint atau voice of customer) ', '5', 54, b'0'),
	(65, 'Permasalahan merupakan sesuatu yang urgen untuk diperbaiki, namun tidak terlihat kepentingannya dari perspektif organisasi atau perusahaan (bukan merupakan bagian dari strategi, bukan sebagai KPI yang paling critical untuk diperbaiki, tidak menjadi temuan audit, tidak terdapat dalam risk register, bukan merupakan complaint atau voice of customer)', '10', 54, b'0'),
	(66, 'Permasalahan merupakan sesuatu yang urgent untuk diperbaiki, dan penting  untuk segera diperbaiki dari perspektif organisasi atau perusahaan  (salah satu atau lebih dari : bagian dari strategi, KPI yang paling critical untuk diperbaiki, temuan audit,  terdapat dalam risk register,  merupakan complaint atau voice of customer)', '15', 54, b'0'),
	(67, 'Permasalahan merupakan sesuatu terkait dengan strategi dan urgent untuk diperbaiki (dan (merupakan KPI yang paling critical untuk diperbaiki, temuan audit,  terdapat dalam risk register,  merupakan complaint atau voice of customer)', '20', 54, b'0'),
	(68, 'Setiap akar penyebab hanya tersedia satu solusi tanpa adanya pertimbangan / penjelasan dari aspek manfaat atau efektifiastnya, biaya yang dibutuhkan dan aspek teknis lainnya, serta terdapat timeline due date implementasi yang jelas dan PIC pelaksananya (5W2H+1T - What, How, Why, When, Where, Who, How Much+Target)', '5', 55, b'1'),
	(69, 'Setiap akar penyebab hanya tersedia satu solusi, dilakukan analisa, namun analisa untuk memilih solusi tidak dilakukan dengan baik atau hanya memperhitungkan sebagian dari  aspek manfaat atau efektifitastnya, biaya yang dibutuhkan dan aspek teknis lainnya, serta terdapat timeline  due date implementasi yang jelas dan PIC pelaksananya (5W2H1T - What, How, Why, When, Where, Who, How Much+ Target)', '10', 55, b'1'),
	(70, 'Ter identifikasi proses penentuan  masalah-masalah pada analisa kondisi yang ada (anakonda) dan dilakukan dengan baik,spesifik ke masalahnya serta komprehensif (tidak ada yang tertinggal tidak dianalisa, mencakup semua aspek 4M1E-Man,Machine, Method, Material, Environment),dan analisa sebab akibat (why-why) runut sehingga akar penyebab dapat diidentifikasi,dibuktikan,dijelaskan,akar penyebab yang mana yang memberi kontribusi terbesar terhadap permasalahan.dan memilih solusi yang dipilih tidak dilakukan dengan baik atau hanya memperhitungkan sebagian dari  aspek manfaat atau efektifitasnya, biaya yang dibutuhkan dan aspek teknis lainnya, serta terdapat timeline  due date implementasi yang jelas dan PIC pelaksananya (5W2H+1T - What, How, Why, When, Where, Who, How Much + Target)', '15', 55, b'1'),
	(71, 'Ter identifikasi proses penentuan  masalah-masalah pada analisa kondisi yang ada (anakonda) dan dilakukan dengan baik,spesifik ke masalahnya serta komprehensif (tidak ada yang tertinggal tidak dianalisa, mencakup semua aspek 4M1E-Man,Machine, Method, Material, Environment),dan analisa sebab akibat (why-why) runut sehingga akar penyebab dapat diidentifikasi,dibuktikan,dijelaskan,akar penyebab yang mana yang memberi kontribusi terbesar terhadap permasalahan.dan adanya opsi opsi/solusi-solusi  perbaikan yang akan dilakukan pada setiap akar penyebab serta memilih solusi yang dipilih dilakukan dengan baik  dari  aspek teknis, manfaat , efektifitas,biaya yang dibutuhkan , serta terdapat timeline  due date implementasi yang jelas dan PIC pelaksananya (5W2H+1T - What, How, Why, When, Where, Who, How Much + Target)', '20', 55, b'1'),
	(72, 'Tidak ada standarisasi (IKL,SOP,No drawing,dll..) yang dibuat', '2.5', 56, b'1'),
	(73, 'Terdapat standarisasi (IKL,SOP,No drawing,dll..) dari beberapa perbaikan yang dilakukan ', '5', 56, b'1'),
	(74, 'Terdapat standarisasi (IKL,SOP,No drawing,dll..) dari semua perbaikan yang dilakukan ', '7.5', 56, b'1'),
	(75, 'Terdapat standarisasi (IKL,SOP,No drawing,dll..) dari semua perbaikan yang dilakukan dan adanya bukti sosialisasi ', '10', 56, b'1'),
	(76, 'Inti dari improvement tidak tersampaikan  (bahasa yang dipakai sulit untuk dipahami)', '4.5', 57, b'1'),
	(77, 'Inti dari improvement tersampaikan (bahasa yang dipakai mudah untuk dipahami)', '9', 57, b'1'),
	(78, 'Inti dari improvement tersampaikan dengan langkah langkah yang benar', '13.5', 57, b'1'),
	(79, 'Inti dari improvement tersampaikan dengan langkah langkah yang benar dengan Menggunakan Video / Animasi / peraga yang tepat dan memperjelas kasus yang dihadapi ', '18', 57, b'1'),
	(80, 'Tidak mendukung  dengan materi/topik', '5', 58, b'1'),
	(81, 'Kurang mendukung dalam penyampaian materi/topik', '10', 58, b'1'),
	(82, 'Saling mengisi dan membantu dalam penyampaian materi / topik  dan membantu ', '15', 58, b'1'),
	(83, 'Pembagian peran hanya juru bicara yang mendominasi presentasi', '5', 59, b'1'),
	(84, 'Semua anggota berperan dan proaktif ', '10', 59, b'1'),
	(85, '< 9:30 - > 10:30', '2.3', 60, b'1'),
	(86, '9:30 - 10:30', '4.7', 60, b'1'),
	(87, '9:50 - 10:10', '7', 60, b'1'),
	(93, '- ', '10', 62, b'1'),
	(94, '-', '5', 63, b'1'),
	(95, '-', '5', 64, b'1'),
	(96, '-', '10', 65, b'1'),
	(97, '-', '5', 66, b'1'),
	(98, '-', '5', 67, b'1'),
	(99, '-', '5', 68, b'1'),
	(100, '-', '5', 69, b'1'),
	(101, '-', '5', 70, b'1'),
	(102, '-', '5', 71, b'1'),
	(103, '-', '10', 72, b'1'),
	(107, '-', '10', 76, b'1'),
	(108, '-', '10', 77, b'1'),
	(109, '-', '10', 78, b'1');

-- Dumping data for table db_ems.point_yelyel: ~13 rows (approximately)
INSERT INTO `point_yelyel` (`id`, `pertanyaan`, `score_maksimal`, `kriteria_id`, `active`) VALUES
	(7, 'Vokal/Nada', 10, 4, b'1'),
	(8, 'Semangat team ', 15, 4, b'1'),
	(9, 'Kelancaran', 5, 4, b'1'),
	(10, 'Profesionalitas', 5, 5, b'1'),
	(11, 'Memiliki makna dan berhubungan dengan QCC ', 10, 5, b'1'),
	(12, 'Alur /susunan', 5, 6, b'1'),
	(13, 'Originalitas/Unik', 10, 6, b'1'),
	(14, 'Kata kata yang sopan', 4, 6, b'1'),
	(15, 'Memberi semangat kegembiraan', 6, 6, b'1'),
	(16, 'Dinamis / tidak monoton', 10, 7, b'1'),
	(17, 'Gaya tidak berlebihan', 5, 7, b'1'),
	(18, 'Kesesuaian makna', 5, 7, b'1'),
	(19, 'Waktu untuk yel- yel 3 menit', 10, 8, b'1');

-- Dumping data for table db_ems.registration: ~11 rows (approximately)
INSERT INTO `registration` (`registration_id`, `registration_status`, `created_at`, `created_by`, `event_id`, `team_id`, `judul`) VALUES
	(30, 'Completed', '2024-10-15 13:31:00.726882', 7, 19, 17, 'QCC KU GARUDA'),
	(31, 'Completed', '2024-10-15 13:36:20.547589', 7, 20, 21, 'SS KU KUCUL'),
	(32, 'Completed', '2024-10-15 13:52:03.624471', 12, 19, 18, 'AASDD'),
	(33, 'Completed', '2024-10-15 14:02:00.523403', 12, 20, 22, 'SSKU BPW'),
	(34, 'Completed', '2024-10-15 14:03:46.467788', 14, 19, 23, 'RRRRRRRRRRDD'),
	(35, 'Completed', '2024-10-15 14:04:00.931702', 14, 20, 24, 'RRRRRFGG'),
	(36, 'Completed', '2024-10-15 14:07:29.440113', 15, 19, 19, 'WCC DD'),
	(37, 'Completed', '2024-10-15 14:08:19.705693', 15, 20, 25, 'SS'),
	(45, 'Pending', '2024-11-20 10:15:00.944630', 7, 19, 21, 'isisisi'),
	(46, 'Completed', '2024-11-20 10:18:19.951396', 7, 20, 17, 'lldadawda'),
	(47, 'Pending', '2024-12-07 13:55:44.117108', 7, 19, 26, 'SSH');

-- Dumping data for table db_ems.report_log: ~1 rows (approximately)
INSERT INTO `report_log` (`id`, `bulan`, `generated_by`, `generated_date`, `no_urut`, `year`) VALUES
	(4, '11', NULL, '2024-11-28 08:53:18.510677', '001', 2024);

-- Dumping data for table db_ems.steps: ~32 rows (approximately)
INSERT INTO `steps` (`step_id`, `description`, `end_date`, `start_date`, `step_name`, `event_id`, `berkas`) VALUES
	(89, NULL, '2024-01-04', '2024-01-04', 'Kick Off QCC 2024 Logistic', 19, 'false'),
	(90, NULL, '2024-01-08', '2024-01-08', 'Registrasi Nama Circle (Nama Team & Peserta)', 19, 'true'),
	(91, NULL, '2024-01-20', '2024-01-20', 'Refresh Training QCC', 19, 'false'),
	(92, NULL, '2024-01-25', '2024-01-23', 'Seleksi Tema (Presentasi Tema)', 19, 'false'),
	(93, NULL, '2024-02-22', '2024-02-20', 'Presentasi Ulang Tema QCC', 19, 'false'),
	(94, NULL, '2024-02-26', '2024-02-26', 'Approval & Pengumpulan Risalah Step 0,1,2', 19, 'true'),
	(95, NULL, '2024-03-07', '2024-03-05', 'Genba (Temuan Lapangan)', 19, 'false'),
	(96, NULL, '2024-03-20', '2024-03-20', 'Training 7 QC Tools', 19, 'false'),
	(97, NULL, '2024-03-21', '2024-03-21', 'Coaching Clinic (QCC Day)', 19, 'false'),
	(98, NULL, '2024-04-01', '2024-04-01', 'Pengumpulan Risalah Step 3 & 4', 19, 'true'),
	(99, NULL, '2024-05-15', '2024-05-15', 'Training Problem Solving', 19, 'false'),
	(100, NULL, '2024-06-13', '2024-06-13', 'Coaching Clinic (QCC Day)', 19, 'false'),
	(101, NULL, '2024-06-18', '2024-06-18', 'Pengumpulan Risalah Step 5 & 6', 19, 'true'),
	(102, NULL, '2024-07-18', '2024-07-16', 'Genba (Plan vs Actual Improvement)', 19, 'false'),
	(103, NULL, '2024-08-15', '2024-08-15', 'Training Cost & Benefit', 19, 'false'),
	(104, NULL, '2024-08-29', '2024-08-29', 'Coaching Clinic (QCC Daya)', 19, 'false'),
	(105, NULL, '2024-09-02', '2024-09-02', 'Pengumpulan final Risalah Step 7 & 8', 19, 'true'),
	(106, NULL, '2024-09-20', '2024-09-20', 'Training Skill Presentation', 19, 'false'),
	(107, NULL, '2024-10-01', '2024-10-01', 'Pengumpulan Risalah Final', 19, 'true'),
	(108, NULL, '2024-10-16', '2024-10-08', 'Penjurian Lapangan', 19, 'false'),
	(109, NULL, '2024-10-28', '2024-10-28', 'Penjurian Presentasi', 19, 'false'),
	(110, NULL, '2024-11-20', '2024-11-20', 'Awarding', 19, 'false'),
	(111, NULL, '2024-02-03', '2024-02-01', 'Pengumpulan Step 1, 2', 20, 'true'),
	(112, NULL, '2024-03-22', '2024-03-22', 'Coaching Clinic', 20, 'false'),
	(113, NULL, '2024-09-12', '2024-09-12', 'Pengumpulan Risalah Final', 20, 'true'),
	(114, NULL, '2024-09-27', '2024-09-19', 'Penjurian Lapangan', 20, 'false'),
	(115, NULL, '2024-12-18', '2024-12-18', 'Penjurian Presentasi', 20, 'false'),
	(116, NULL, '2024-12-10', '2024-12-10', 'Awarding', 20, 'false'),
	(225, NULL, '2024-12-13', '2024-12-12', 'Pengumpulan Risalah Final', 48, 'true'),
	(226, NULL, '2024-12-14', '2024-12-14', 'Penjurian Lapangan', 48, 'false'),
	(227, NULL, '2024-12-15', '2024-12-15', 'Penjurian Presentasi', 48, 'false'),
	(228, NULL, '2024-12-16', '2024-12-16', 'Awarding', 48, 'false');

-- Dumping data for table db_ems.sub_kriteria_lapangan: ~25 rows (approximately)
INSERT INTO `sub_kriteria_lapangan` (`id`, `name`, `kriteria_lapangan_id`, `active`) VALUES
	(1, 'Menjelaskan methode, quality tools dan data dalam memilih suatu project ', 1, b'1'),
	(2, 'Tema terkait dengan tujuan & strategi bisnis/perusahaan', 1, b'1'),
	(3, 'Stakeholders Involvement (Keterlibatan Stakeholders) : Pemegang Saham, Customer, Karyawan (Atasan/Bawahan), Pemerintah, Supplier, Community dan Lingkungan', 1, b'1'),
	(4, 'Target (sasaran) sesuai dengan tema', 2, b'1'),
	(5, 'Target (sasaran) jelas dan menantang', 2, b'1'),
	(6, 'Prediksi manfaat dan masalah potensial', 2, b'1'),
	(7, 'Verifikasi stakeholders yang terkait dengan proyek perbaikan', 2, b'1'),
	(8, 'Pendekatan/proses yang digunakan untuk mengidentifikasi potensi akar penyebab masalah utama/kemungkinan perbaikan', 3, b'1'),
	(9, 'Aktualisasi dan keterlibatan team & stakeholders dalam mengembangkan pola hubungan sebab akibat', 3, b'1'),
	(10, 'Menjelaskan metode dan quality tools yaang digunakan dalam pengembangan solusi dan inovasi/improvement actions', 4, b'1'),
	(11, 'Kualitas ide solusi / inovation actions', 4, b'1'),
	(12, 'Menjelaskan pendekatan yang digunakan untuk menerapkan tindakan solusi/improvement dan memastikan hasil yang ingin dicapai', 5, b'1'),
	(13, 'Semua anggota Tim memahami perubahan-perubahan yang terjadi di dalam improvement yang dibuat terhadap kondisi sebelumnya (kondisi awal)', 5, b'1'),
	(14, 'Tingkat pencapaian perbaikan dibandingkan dengan target (sasaran) akhir / antara', 6, b'1'),
	(15, 'Kuantifikasi dampak solusi/improvement actions', 6, b'1'),
	(16, 'Proyek perbaikan memberikan kontribusi/ dampak nyata terhadap tujuan perusahaan/plant/divisi/departement  dan stakeholders', 6, b'1'),
	(17, 'Standarisasi', 7, b'1'),
	(18, 'Menjamin pelaksanaan standar baru', 7, b'1'),
	(19, 'Identifikasi & Penetapan Rencana Berikutnya ', 7, b'1'),
	(23, 'MASALAH YANG DIHADAPI (LATAR BELAKANG MASALAH)', 11, b'1'),
	(24, 'ANALISA MASALAH', 12, b'1'),
	(25, 'IDE PERBAIKAN', 13, b'1'),
	(26, 'MELAKSANAKAN PERBAIKAN', 14, b'1'),
	(27, 'EVALUASI HASIL PERBAIKAN', 15, b'1'),
	(28, 'STANDARISASI DAN TINDAK LANJUT', 16, b'1');

-- Dumping data for table db_ems.team: ~10 rows (approximately)
INSERT INTO `team` (`team_id`, `created_at`, `description`, `team_name`, `user_id`) VALUES
	(17, '2024-09-09', 'qwer', 'GARUDA', 7),
	(18, '2024-09-12', 'Tim QCC BPW', 'RONIN', 12),
	(19, '2024-09-12', 'apa aja', 'AMPHIBI', 15),
	(20, '2024-09-13', 'dwa', 'AAA', 15),
	(21, '2024-09-19', 'apdaw', 'KUCUL', 7),
	(22, '2024-10-15', 'daw', 'BPW SS', 12),
	(23, '2024-10-15', 'ddd', 'REEEWW', 14),
	(24, '2024-10-15', 'dd', 'REWSS', 14),
	(25, '2024-10-15', 'ddd', 'DPWWCC', 15),
	(26, '2024-12-07', 'nana', 'LALA', 7);

-- Dumping data for table db_ems.team_member: ~14 rows (approximately)
INSERT INTO `team_member` (`team_member_id`, `member_name`, `member_position`, `event_id`, `team_id`, `nip`) VALUES
	(53, 'NANAS', 'Pemimpin Circle', 19, 17, NULL),
	(54, 'MUDA', 'Pemimpin Tema', 19, 17, NULL),
	(55, 'SSS', 'Pemimpin Circle', 20, 21, NULL),
	(56, 'SDS', 'Pemimpin Tema', 20, 21, NULL),
	(57, 'dwadaw', 'Pemimpin Circle', 19, 18, NULL),
	(58, 'daff', 'Pemimpin Tema', 19, 18, NULL),
	(59, 'bbbbbbbbb', 'Pemimpin Circle', 20, 22, NULL),
	(60, 'baaaaaaa', 'Pemimpin Tema', 20, 22, NULL),
	(61, 'RRRRRRRF', 'Pemimpin Circle', 19, 23, NULL),
	(62, 'fff', 'Pemimpin Circle', 20, 24, NULL),
	(63, 'dddw', 'Pemimpin Circle', 19, 19, NULL),
	(70, 'psss', 'Pemimpin Circle', 19, 21, '21-2232'),
	(71, 'okdawk', 'Pemimpin Circle', 20, 17, '21-2334'),
	(72, 'mamam', 'Pemimpin Circle', 19, 26, '23-1111');

-- Dumping data for table db_ems.total_score_penilaian: ~16 rows (approximately)
INSERT INTO `total_score_penilaian` (`id`, `event_id`, `score_lapangan`, `score_presentasi`, `team_id`, `user_id`, `created_at_lapangan`, `created_at_presentasi`) VALUES
	(39, 19, '63.330000000000005', '73.0', 19, 21, '2024-10-15 15:52:16.543604', NULL),
	(40, 19, '70.81', '80.0', 23, 21, '2024-10-15 15:54:40.925768', NULL),
	(41, 19, '68.06', '69.0', 18, 21, '2024-10-15 15:55:04.664913', NULL),
	(42, 19, '65.41', '80.0', 17, 21, '2024-10-15 15:55:24.383906', NULL),
	(43, 20, '61.0', '100.0', 25, 21, '2024-10-15 15:58:04.915505', NULL),
	(44, 20, '66.0', '100.0', 24, 21, '2024-10-15 16:02:41.154353', NULL),
	(45, 20, '67.0', '91.0', 22, 21, '2024-10-15 16:16:10.563015', NULL),
	(46, 20, '43.0', '98.0', 21, 21, '2024-10-15 16:16:32.199434', NULL),
	(47, 19, '61.400000000000006', '80.0', 19, 22, '2024-10-15 16:26:37.311681', NULL),
	(48, 19, '59.51', '76.0', 23, 22, '2024-10-15 16:26:58.208421', NULL),
	(49, 19, '62.779999999999994', '77.0', 18, 22, '2024-10-15 16:28:20.022429', NULL),
	(50, 19, '66.48', '79.0', 17, 22, '2024-10-15 16:28:47.138534', NULL),
	(51, 20, '46.0', '82.0', 25, 22, '2024-10-15 16:29:44.039874', NULL),
	(52, 20, '64.0', '96.0', 24, 22, '2024-10-15 16:29:56.487721', NULL),
	(53, 20, '77.0', '97.0', 22, 22, '2024-10-15 16:30:05.042901', NULL),
	(54, 20, '53.0', '97.0', 21, 22, '2024-10-15 16:30:14.229013', NULL);

-- Dumping data for table db_ems.upload_files: ~47 rows (approximately)
INSERT INTO `upload_files` (`files_id`, `approval_status`, `file_name`, `file_path`, `uploaded_at`, `uploaded_by`, `registration_id`, `step_id`, `response_description`, `response_file_name`, `response_file_path`, `response_uploaded_at`, `group_id`, `is_risalah`) VALUES
	(136, 'APPROVE', 'edited_image_QCC_2024_GARUDA.jpg', '.\\uploads\\edited_image_QCC_2024_GARUDA.jpg', '2024-10-15 13:31:42.437865', 'GARUDA', 30, 90, NULL, NULL, NULL, NULL, 73, b'0'),
	(137, 'APPROVE', 'images_QCC_2024_GARUDA.jpeg', '.\\uploads\\images_QCC_2024_GARUDA.jpeg', '2024-10-15 13:31:57.384389', 'GARUDA', 30, 94, NULL, NULL, NULL, NULL, 74, b'0'),
	(138, 'APPROVE', 'KARTU-REGISTRASI-S1-NEWWW_QCC_2024_GARUDA.pdf', '.\\uploads\\KARTU-REGISTRASI-S1-NEWWW_QCC_2024_GARUDA.pdf', '2024-10-15 13:32:04.846502', 'GARUDA', 30, 98, NULL, NULL, NULL, NULL, 75, b'0'),
	(139, 'APPROVE', 'ml_QCC_2024_GARUDA.jpeg', '.\\uploads\\ml_QCC_2024_GARUDA.jpeg', '2024-10-15 13:32:20.072059', 'GARUDA', 30, 101, NULL, NULL, NULL, NULL, 76, b'0'),
	(140, 'APPROVE', 'edited_image_v3_QCC_2024_GARUDA.jpg', '.\\uploads\\edited_image_v3_QCC_2024_GARUDA.jpg', '2024-10-15 13:34:35.172569', 'GARUDA', 30, 105, NULL, NULL, NULL, NULL, 77, b'0'),
	(141, 'APPROVE', 'MLBB_Kagura_QCC_2024_GARUDA.jpeg', '.\\uploads\\MLBB_Kagura_QCC_2024_GARUDA.jpeg', '2024-10-15 13:35:18.496239', 'GARUDA', 30, 107, NULL, NULL, NULL, NULL, 78, b'1'),
	(142, 'APPROVE', 'localhost_3000_awards_iPhone_14_Pro_Max__SS_2024_KUCUL.png', '.\\uploads\\localhost_3000_awards_iPhone_14_Pro_Max__SS_2024_KUCUL.png', '2024-10-15 13:41:08.162835', 'KUCUL', 31, 111, NULL, NULL, NULL, NULL, 79, b'0'),
	(143, 'APPROVE', 'BrosurProgramCoding2022_SS_2024_KUCUL.pdf', '.\\uploads\\BrosurProgramCoding2022_SS_2024_KUCUL.pdf', '2024-10-15 13:51:09.414226', 'KUCUL', 31, 113, NULL, NULL, NULL, NULL, 80, b'1'),
	(144, 'APPROVE', 'yelyel_report_QCC_2024_RONIN.xlsx', '.\\uploads\\yelyel_report_QCC_2024_RONIN.xlsx', '2024-10-15 13:52:20.143691', 'RONIN', 32, 90, NULL, NULL, NULL, NULL, 81, b'0'),
	(145, 'APPROVE', 'SISTEM_INFORMASI_rev2_1__QCC_2024_RONIN.pptx', '.\\uploads\\SISTEM_INFORMASI_rev2_1__QCC_2024_RONIN.pptx', '2024-10-15 13:59:16.017336', 'RONIN', 32, 94, NULL, NULL, NULL, NULL, 82, b'0'),
	(146, 'APPROVE', 'localhost_3000_awards_iPhone_14_Pro_Max__QCC_2024_RONIN.png', '.\\uploads\\localhost_3000_awards_iPhone_14_Pro_Max__QCC_2024_RONIN.png', '2024-10-15 14:01:17.841062', 'RONIN', 32, 98, NULL, NULL, NULL, NULL, 83, b'0'),
	(147, 'APPROVE', 'evaluasi-lapangan-report_JURI01_QCC_2024_QCC_2024_RONIN.xlsx', '.\\uploads\\evaluasi-lapangan-report_JURI01_QCC_2024_QCC_2024_RONIN.xlsx', '2024-10-15 14:01:34.607475', 'RONIN', 32, 105, NULL, NULL, NULL, NULL, 84, b'0'),
	(148, 'APPROVE', 'evaluasi-lapangan-report_JURI02_QCC_2024__1__QCC_2024_RONIN.xlsx', '.\\uploads\\evaluasi-lapangan-report_JURI02_QCC_2024__1__QCC_2024_RONIN.xlsx', '2024-10-15 14:01:40.512453', 'RONIN', 32, 107, NULL, NULL, NULL, NULL, 85, b'1'),
	(149, 'APPROVE', 'evaluasi-lapangan-report_JURI02_QCC_2024_QCC_2024_RONIN.xlsx', '.\\uploads\\evaluasi-lapangan-report_JURI02_QCC_2024_QCC_2024_RONIN.xlsx', '2024-10-15 14:01:49.336864', 'RONIN', 32, 101, NULL, NULL, NULL, NULL, 86, b'0'),
	(150, 'APPROVE', 'Screenshot_2024-10-15_104241_SS_2024_BPW_SS.png', '.\\uploads\\Screenshot_2024-10-15_104241_SS_2024_BPW_SS.png', '2024-10-15 14:02:52.302192', 'BPW SS', 33, 111, NULL, NULL, NULL, NULL, 87, b'0'),
	(151, 'APPROVE', 'Screenshot_2024-10-14_154951_SS_2024_BPW_SS.png', '.\\uploads\\Screenshot_2024-10-14_154951_SS_2024_BPW_SS.png', '2024-10-15 14:02:57.730636', 'BPW SS', 33, 113, NULL, NULL, NULL, NULL, 88, b'1'),
	(152, 'APPROVE', 'Screenshot_2024-09-26_100203_SS_2024_REWSS.png', '.\\uploads\\Screenshot_2024-09-26_100203_SS_2024_REWSS.png', '2024-10-15 14:06:03.070122', 'REWSS', 35, 111, NULL, NULL, NULL, NULL, 89, b'0'),
	(153, 'APPROVE', 'Screenshot_2024-09-26_095740_SS_2024_REWSS.png', '.\\uploads\\Screenshot_2024-09-26_095740_SS_2024_REWSS.png', '2024-10-15 14:06:07.131473', 'REWSS', 35, 113, NULL, NULL, NULL, NULL, 90, b'1'),
	(154, 'APPROVE', 'Screenshot_2024-09-25_091213_QCC_2024_REEEWW.png', '.\\uploads\\Screenshot_2024-09-25_091213_QCC_2024_REEEWW.png', '2024-10-15 14:06:16.966213', 'REEEWW', 34, 90, NULL, NULL, NULL, NULL, 91, b'0'),
	(155, 'APPROVE', 'Screenshot_2024-09-26_100157_QCC_2024_REEEWW.png', '.\\uploads\\Screenshot_2024-09-26_100157_QCC_2024_REEEWW.png', '2024-10-15 14:06:20.847081', 'REEEWW', 34, 94, NULL, NULL, NULL, NULL, 92, b'0'),
	(156, 'APPROVE', 'Screenshot_2024-09-26_095740_QCC_2024_REEEWW.png', '.\\uploads\\Screenshot_2024-09-26_095740_QCC_2024_REEEWW.png', '2024-10-15 14:06:27.433981', 'REEEWW', 34, 98, NULL, NULL, NULL, NULL, 93, b'0'),
	(157, 'APPROVE', 'Screenshot_2024-09-24_164403_QCC_2024_REEEWW.png', '.\\uploads\\Screenshot_2024-09-24_164403_QCC_2024_REEEWW.png', '2024-10-15 14:06:43.257761', 'REEEWW', 34, 101, NULL, NULL, NULL, NULL, 94, b'0'),
	(158, 'APPROVE', 'Screenshot_2024-09-18_121610_QCC_2024_REEEWW.png', '.\\uploads\\Screenshot_2024-09-18_121610_QCC_2024_REEEWW.png', '2024-10-15 14:06:46.882521', 'REEEWW', 34, 105, NULL, NULL, NULL, NULL, 95, b'0'),
	(159, 'APPROVE', 'Screenshot_2024-09-24_143004_QCC_2024_REEEWW.png', '.\\uploads\\Screenshot_2024-09-24_143004_QCC_2024_REEEWW.png', '2024-10-15 14:06:50.834569', 'REEEWW', 34, 107, NULL, NULL, NULL, NULL, 96, b'1'),
	(160, NULL, 'Screenshot_2024-09-18_121610_QCC_2024_AMPHIBI.png', '.\\uploads\\Screenshot_2024-09-18_121610_QCC_2024_AMPHIBI.png', '2024-10-15 14:07:37.301778', 'AMPHIBI', 36, 90, 'dadw', 'Screenshot_2024-09-30_095742.png_rev', '.\\uploads\\Screenshot_2024-09-30_095742.png_rev', '2024-10-15 14:54:49.279890', 97, b'0'),
	(161, 'APPROVE', 'Screenshot_2024-09-17_143449_QCC_2024_AMPHIBI.png', '.\\uploads\\Screenshot_2024-09-17_143449_QCC_2024_AMPHIBI.png', '2024-10-15 14:07:41.705865', 'AMPHIBI', 36, 94, NULL, NULL, NULL, NULL, 98, b'0'),
	(162, 'APPROVE', 'Screenshot_2024-09-26_100157_QCC_2024_AMPHIBI.png', '.\\uploads\\Screenshot_2024-09-26_100157_QCC_2024_AMPHIBI.png', '2024-10-15 14:07:45.302622', 'AMPHIBI', 36, 98, NULL, NULL, NULL, NULL, 99, b'0'),
	(163, 'APPROVE', 'Screenshot_2024-09-23_144409_QCC_2024_AMPHIBI.png', '.\\uploads\\Screenshot_2024-09-23_144409_QCC_2024_AMPHIBI.png', '2024-10-15 14:07:52.801896', 'AMPHIBI', 36, 101, NULL, NULL, NULL, NULL, 100, b'0'),
	(164, 'APPROVE', 'Screenshot_2024-09-09_140538_QCC_2024_AMPHIBI.png', '.\\uploads\\Screenshot_2024-09-09_140538_QCC_2024_AMPHIBI.png', '2024-10-15 14:07:56.551338', 'AMPHIBI', 36, 105, NULL, NULL, NULL, NULL, 101, b'0'),
	(165, 'APPROVE', 'Screenshot_2024-09-10_145113_QCC_2024_AMPHIBI.png', '.\\uploads\\Screenshot_2024-09-10_145113_QCC_2024_AMPHIBI.png', '2024-10-15 14:08:04.720206', 'AMPHIBI', 36, 107, NULL, NULL, NULL, NULL, 102, b'1'),
	(166, 'APPROVE', 'Screenshot_2024-09-30_095742_SS_2024_DPWWCC.png', '.\\uploads\\Screenshot_2024-09-30_095742_SS_2024_DPWWCC.png', '2024-10-15 14:08:28.487074', 'DPWWCC', 37, 111, NULL, NULL, NULL, NULL, 103, b'0'),
	(167, 'APPROVE', 'Screenshot_2024-10-14_154951_SS_2024_DPWWCC.png', '.\\uploads\\Screenshot_2024-10-14_154951_SS_2024_DPWWCC.png', '2024-10-15 14:08:32.411042', 'DPWWCC', 37, 113, NULL, NULL, NULL, NULL, 104, b'1'),
	(168, 'APPROVE', 'CamScanner_24-10-2024_11.02_SS_2024_GARUDA.pdf', '.\\uploads\\CamScanner_24-10-2024_11.02_SS_2024_GARUDA.pdf', '2024-11-20 10:51:15.447944', 'GARUDA', 46, 111, NULL, NULL, NULL, NULL, 105, b'0'),
	(169, 'APPROVE', 'kalkulus_2_pertemuan_14_SS_2024_GARUDA.pdf', '.\\uploads\\kalkulus_2_pertemuan_14_SS_2024_GARUDA.pdf', '2024-11-20 10:51:32.680943', 'GARUDA', 46, 113, NULL, NULL, NULL, NULL, 106, b'1'),
	(170, 'APPROVE', 'Kalkulus_2_Pertemuan_6_QCC_2024_KUCUL.pptx', '.\\uploads\\Kalkulus_2_Pertemuan_6_QCC_2024_KUCUL.pptx', '2024-11-20 10:52:20.540175', 'KUCUL', 45, 90, NULL, NULL, NULL, NULL, 107, b'0'),
	(171, 'APPROVE', 'Materi-2_QCC_2024_KUCUL.jpg', '.\\uploads\\Materi-2_QCC_2024_KUCUL.jpg', '2024-11-20 10:53:26.640068', 'KUCUL', 45, 94, NULL, NULL, NULL, NULL, 108, b'0'),
	(172, 'APPROVE', 'Materi-1_QCC_2024_KUCUL.jpg', '.\\uploads\\Materi-1_QCC_2024_KUCUL.jpg', '2024-11-20 12:30:57.589952', 'KUCUL', 45, 98, NULL, NULL, NULL, NULL, 109, b'0'),
	(173, 'APPROVE', '1_QCC_2024_KUCUL.jpg', '.\\uploads\\1_QCC_2024_KUCUL.jpg', '2024-11-20 12:31:07.234438', 'KUCUL', 45, 101, NULL, NULL, NULL, NULL, 110, b'0'),
	(174, 'APPROVE', 'TPL0362_10_VIEWING_DAN_CLIPPING_QCC_2024_KUCUL.pdf', '.\\uploads\\TPL0362_10_VIEWING_DAN_CLIPPING_QCC_2024_KUCUL.pdf', '2024-11-20 12:39:47.754098', 'KUCUL', 45, 105, NULL, NULL, NULL, NULL, 111, b'0'),
	(183, NULL, 'R1_Draft_Strategy_Deployment_Divisi_Local_Expedition__Recycle_Management_2025_QCC_2024_LALA.xlsx', '.\\uploads\\R1_Draft_Strategy_Deployment_Divisi_Local_Expedition__Recycle_Management_2025_QCC_2024_LALA.xlsx', '2024-12-07 15:54:17.860864', 'LALA', 47, 105, NULL, NULL, NULL, NULL, 120, b'0'),
	(184, NULL, 'BRD_-_JPL_Portal_QCC___SS_QCC_2024_KUCUL.docx', '.\\uploads\\BRD_-_JPL_Portal_QCC___SS_QCC_2024_KUCUL.docx', '2024-12-07 15:55:32.742011', 'KUCUL', 45, 107, NULL, NULL, NULL, NULL, 121, b'1'),
	(185, NULL, 'Matrix_SWOT_Divisi_Local_Expedition__Recycle_Management_MS_QCC_2024_LALA.xlsx', '.\\uploads\\Matrix_SWOT_Divisi_Local_Expedition__Recycle_Management_MS_QCC_2024_LALA.xlsx', '2024-12-07 15:57:03.786217', 'LALA', 47, 107, NULL, NULL, NULL, NULL, 122, b'1'),
	(186, NULL, 'Modul_Komunikasi_Data-Pertemuan_1-14-94-121_QCC_2024_LALA.pdf', '.\\uploads\\Modul_Komunikasi_Data-Pertemuan_1-14-94-121_QCC_2024_LALA.pdf', '2024-12-07 16:00:58.698289', 'LALA', 47, 98, NULL, NULL, NULL, NULL, 123, b'0'),
	(187, NULL, '2_PKN_1__QCC_2024_LALA.pdf', '.\\uploads\\2_PKN_1__QCC_2024_LALA.pdf', '2024-12-09 09:53:49.382152', 'LALA', 47, 101, NULL, NULL, NULL, NULL, 124, b'0'),
	(188, NULL, 'Kelompok_1_-_Bahasa__2__QCC_2024_LALA.pptx', '.\\uploads\\Kelompok_1_-_Bahasa__2__QCC_2024_LALA.pptx', '2024-12-09 09:59:11.229819', 'LALA', 47, 90, NULL, NULL, NULL, NULL, 125, b'0'),
	(189, NULL, 'Bukti_Transaksi_G-Online-1_copy_QCC_2024_LALA.pdf', '.\\uploads\\Bukti_Transaksi_G-Online-1_copy_QCC_2024_LALA.pdf', '2024-12-09 10:01:55.158889', 'LALA', 47, 94, NULL, NULL, NULL, NULL, 126, b'0'),
	(190, NULL, 'New_Doc_03-27-2020_09.10.11_QCC_2024_LALA.pdf', '.\\uploads\\New_Doc_03-27-2020_09.10.11_QCC_2024_LALA.pdf', '2024-12-09 10:01:55.167269', 'LALA', 47, 94, NULL, NULL, NULL, NULL, 126, b'0');

-- Dumping data for table db_ems.upload_file_groups: ~54 rows (approximately)
INSERT INTO `upload_file_groups` (`id`, `approval_status`) VALUES
	(73, 'APPROVE'),
	(74, 'APPROVE'),
	(75, 'APPROVE'),
	(76, 'APPROVE'),
	(77, 'APPROVE'),
	(78, 'APPROVE'),
	(79, 'APPROVE'),
	(80, 'APPROVE'),
	(81, 'APPROVE'),
	(82, 'APPROVE'),
	(83, 'APPROVE'),
	(84, 'APPROVE'),
	(85, 'APPROVE'),
	(86, 'APPROVE'),
	(87, 'APPROVE'),
	(88, 'APPROVE'),
	(89, 'APPROVE'),
	(90, 'APPROVE'),
	(91, 'APPROVE'),
	(92, 'APPROVE'),
	(93, 'APPROVE'),
	(94, 'APPROVE'),
	(95, 'APPROVE'),
	(96, 'APPROVE'),
	(97, 'REJECT'),
	(98, 'APPROVE'),
	(99, 'APPROVE'),
	(100, 'APPROVE'),
	(101, 'APPROVE'),
	(102, 'APPROVE'),
	(103, 'APPROVE'),
	(104, 'APPROVE'),
	(105, 'APPROVE'),
	(106, 'APPROVE'),
	(107, 'APPROVE'),
	(108, 'APPROVE'),
	(109, 'APPROVE'),
	(110, 'APPROVE'),
	(111, 'APPROVE'),
	(112, 'REJECT'),
	(113, 'REJECT'),
	(114, 'APPROVE'),
	(115, 'APPROVE'),
	(116, 'PENDING'),
	(117, 'PENDING'),
	(118, 'PENDING'),
	(119, 'PENDING'),
	(120, 'PENDING'),
	(121, 'PENDING'),
	(122, 'PENDING'),
	(123, 'PENDING'),
	(124, 'PENDING'),
	(125, 'PENDING'),
	(126, 'PENDING');

/*!40103 SET TIME_ZONE=IFNULL(@OLD_TIME_ZONE, 'system') */;
/*!40101 SET SQL_MODE=IFNULL(@OLD_SQL_MODE, '') */;
/*!40014 SET FOREIGN_KEY_CHECKS=IFNULL(@OLD_FOREIGN_KEY_CHECKS, 1) */;
/*!40101 SET CHARACTER_SET_CLIENT=@OLD_CHARACTER_SET_CLIENT */;
/*!40111 SET SQL_NOTES=IFNULL(@OLD_SQL_NOTES, 1) */;
